03/09/01,1050.0100000
04/09/01,1080.0000000
05/09/01,1089.1000000
06/09/01,1095.0000000
07/09/01,1087.0000000
10/09/01,1051.0000000
11/09/01,1061.0000000
12/09/01,1021.0000000
13/09/01,985.0000000
14/09/01,999.0000000
17/09/01,961.0000000
18/09/01,988.9000000
19/09/01,981.0000000
20/09/01,973.0000000
21/09/01,938.0000000
24/09/01,915.0000000
25/09/01,870.0000000
26/09/01,855.0000000
27/09/01,851.3000000
28/09/01,889.0000000
01/10/01,900.0000000
02/10/01,892.9900000
03/10/01,875.0000000
04/10/01,895.0000000
05/10/01,890.0000000
08/10/01,892.3000000
09/10/01,900.0000000
10/10/01,900.0000000
11/10/01,935.0100000
12/10/01,972.0000000
15/10/01,946.0000000
16/10/01,950.0000000
17/10/01,975.0000000
18/10/01,976.7000000
19/10/01,959.0000000
22/10/01,974.9000000
23/10/01,996.0000000
24/10/01,990.1000000
25/10/01,998.0100000
26/10/01,995.0000000
29/10/01,1000.0000000
30/10/01,988.8000000
31/10/01,1003.8500000
01/11/01,991.0000000
02/11/01,1003.0200000
05/11/01,1022.0000000
06/11/01,1051.0000000
08/11/01,1019.0000000
09/11/01,1055.1500000
12/11/01,1090.0000000
13/11/01,1082.0000000
14/11/01,1123.0000000
15/11/01,1050.0000000
16/11/01,1045.0000000
19/11/01,1041.0000000
20/11/01,1070.0000000
21/11/01,1075.0000000
22/11/01,1104.1500000
23/11/01,1250.0000000
26/11/01,1234.0000000
27/11/01,1225.0000000
28/11/01,1250.0000000
29/11/01,1260.1000000
30/11/01,1369.0000000
03/12/01,1403.0000000
04/12/01,1431.0000000
05/12/01,1523.0000000
06/12/01,1570.0000000
07/12/01,1689.0000000
10/12/01,1937.0000000
11/12/01,1907.0000000
13/12/01,2000.0000000
14/12/01,1804.0000000
17/12/01,1889.0000000
18/12/01,1983.0000000
19/12/01,2020.0000000
20/12/01,2100.0000000
21/12/01,2097.0000000
24/12/01,2127.0000000
25/12/01,2240.0000000
26/12/01,2215.0000000
27/12/01,2254.0000000
28/12/01,2200.0100000
29/12/01,2160.0000000
03/01/02,2246.0000000
04/01/02,2280.0000000
08/01/02,2310.0000000
09/01/02,2330.0200000
10/01/02,2320.0000000
11/01/02,2303.0000000
14/01/02,2300.0000000
15/01/02,2300.0000000
16/01/02,2432.0000000
17/01/02,2525.0000000
18/01/02,2690.0000000
21/01/02,2811.8700000
22/01/02,2749.9900000
23/01/02,2730.0000000
24/01/02,2681.0200000
25/01/02,2545.0000000
28/01/02,2420.0000000
29/01/02,2462.0000000
30/01/02,2570.0100000
31/01/02,2548.0000000
01/02/02,2578.0000000
04/02/02,2547.6900000
05/02/02,2442.0000000
06/02/02,2482.0000000
07/02/02,2519.0000000
08/02/02,2568.0000000
11/02/02,2584.0000000
12/02/02,2753.0000000
13/02/02,2706.4700000
14/02/02,2715.0000000
15/02/02,2715.0000000
18/02/02,2695.5400000
19/02/02,2653.0000000
20/02/02,2636.0000000
21/02/02,2654.0000000
22/02/02,2666.6500000
26/02/02,2785.0000000
27/02/02,2770.0000000
28/02/02,2766.5000000
01/03/02,2726.0000000
04/03/02,2950.0000000
05/03/02,2960.0000000
06/03/02,2905.0000000
07/03/02,2910.0000000
11/03/02,3015.0000000
12/03/02,2975.1000000
13/03/02,2975.0000000
14/03/02,3010.0000000
15/03/02,3055.0000000
18/03/02,3398.0000000
19/03/02,3369.0000000
20/03/02,3351.0000000
21/03/02,3320.0000000
22/03/02,3497.0000000
25/03/02,3823.0000000
26/03/02,3710.0000000
27/03/02,3880.0000000
28/03/02,4138.0000000
29/03/02,4290.0000000
01/04/02,4260.0000000
02/04/02,4317.0000000
03/04/02,4337.0000000
04/04/02,4280.0000000
05/04/02,4500.0000000
08/04/02,4639.0000000
09/04/02,4730.0000000
10/04/02,4884.0000000
11/04/02,5110.0000000
12/04/02,4950.0000000
15/04/02,4729.0000000
16/04/02,4689.9000000
17/04/02,4923.0000000
18/04/02,5090.0000000
19/04/02,5100.0000000
22/04/02,5236.1000000
23/04/02,5201.0000000
24/04/02,5230.0000000
25/04/02,5399.0000000
26/04/02,5519.0000000
27/04/02,5413.0000000
29/04/02,5455.0000000
30/04/02,5375.0000000
06/05/02,5350.0000000
07/05/02,5212.0000000
08/05/02,5005.0000000
13/05/02,5400.0000000
14/05/02,5450.0000000
15/05/02,5446.0000000
16/05/02,5390.0000000
17/05/02,5515.0000000
18/05/02,5580.0000000
20/05/02,5590.0000000
21/05/02,5590.0200000
22/05/02,5752.0000000
23/05/02,5757.0000000
24/05/02,5753.0000000
27/05/02,5655.0000000
28/05/02,5655.0000000
29/05/02,5446.0600000
30/05/02,5351.5000000
31/05/02,5270.0000000
03/06/02,5400.0000000
04/06/02,5372.0000000
05/06/02,5381.0000000
06/06/02,5326.0000000
07/06/02,5350.0000000
10/06/02,5420.0000000
11/06/02,5537.0000000
13/06/02,5720.0000000
14/06/02,5630.0000000
17/06/02,5650.0000000
18/06/02,5611.0000000
19/06/02,5342.1200000
20/06/02,5351.0000000
21/06/02,5400.0000000
24/06/02,5373.0000000
25/06/02,5306.0000000
26/06/02,5310.0000000
27/06/02,5315.0000000
28/06/02,5389.5800000
01/07/02,5290.0000000
02/07/02,5301.1000000
03/07/02,5323.0000000
04/07/02,5320.0000000
05/07/02,5301.0000000
08/07/02,5350.0000000
09/07/02,5310.0000000
10/07/02,5330.0000000
11/07/02,5310.5000000
12/07/02,5300.0000000
15/07/02,5250.0000000
16/07/02,5255.0000000
17/07/02,5180.0000000
18/07/02,5251.0000000
19/07/02,5265.0000000
22/07/02,5150.0000000
23/07/02,5051.0000000
24/07/02,4951.0200000
25/07/02,4950.0000000
26/07/02,4800.0000000
29/07/02,4882.0000000
30/07/02,5099.9900000
31/07/02,4975.0000000
01/08/02,4670.0000000
02/08/02,4650.0000000
05/08/02,4641.0000000
06/08/02,4302.0000000
07/08/02,4450.0000000
08/08/02,4450.0100000
09/08/02,4556.0000000
12/08/02,4420.0000000
13/08/02,4527.0000000
14/08/02,4530.0000000
15/08/02,4599.0000000
16/08/02,4743.0000000
19/08/02,4705.0000000
20/08/02,4770.0000000
21/08/02,4846.0000000
22/08/02,4883.0000000
23/08/02,5001.0000000
26/08/02,4900.0000000
27/08/02,4879.0000000
28/08/02,4832.0000000
29/08/02,4770.0000000
30/08/02,4799.7900000
02/09/02,4750.0000000
03/09/02,4650.0000000
04/09/02,4595.0000000
05/09/02,4675.0000000
06/09/02,4600.0000000
09/09/02,4700.0000000
10/09/02,4700.0000000
11/09/02,4790.0000000
12/09/02,4781.0000000
13/09/02,5088.0000000
16/09/02,5060.0000000
17/09/02,4990.0000000
18/09/02,4850.0000000
19/09/02,4830.0000000
20/09/02,4778.0000000
23/09/02,4845.0000000
24/09/02,4811.9700000
25/09/02,4840.9900000
26/09/02,4925.0000000
27/09/02,5059.0000000
30/09/02,4992.0000000
01/10/02,4952.0000000
02/10/02,5151.0000000
03/10/02,5205.0000000
04/10/02,5420.0000000
07/10/02,5581.0000000
08/10/02,5649.0000000
09/10/02,5612.0000000
10/10/02,5450.0000000
11/10/02,5460.0000000
14/10/02,5481.0000000
15/10/02,5430.0000000
16/10/02,5580.0000000
17/10/02,5590.0000000
18/10/02,5698.0000000
21/10/02,5640.0000000
22/10/02,5775.0000000
23/10/02,5705.0000000
24/10/02,5682.0000000
25/10/02,5601.0100000
28/10/02,5698.9900000
29/10/02,5710.1200000
30/10/02,5620.0000000
31/10/02,5780.0000000
01/11/02,5891.0000000
04/11/02,6120.0000000
05/11/02,6230.0000000
06/11/02,6080.0000000
10/11/02,6041.0000000
11/11/02,5940.0000000
12/11/02,6018.0000000
13/11/02,6129.0000000
14/11/02,5947.2800000
15/11/02,5899.0000000
18/11/02,6007.0000000
19/11/02,6043.0000000
20/11/02,6070.0000000
21/11/02,6189.0100000
22/11/02,6210.0000000
25/11/02,6222.0000000
26/11/02,6326.0000000
27/11/02,6188.0000000
28/11/02,6255.0000000
29/11/02,6255.0000000
02/12/02,6459.9900000
03/12/02,6369.0000000
04/12/02,6320.0000000
05/12/02,6370.0000000
06/12/02,6400.0000000
09/12/02,6370.0000000
10/12/02,6309.0000000
11/12/02,6188.0000000
15/12/02,6110.0000000
16/12/02,6224.0000000
17/12/02,6019.0000000
18/12/02,6066.0000000
19/12/02,5995.0000000
20/12/02,6128.0000000
23/12/02,6097.0000000
24/12/02,6015.0000000
25/12/02,5950.0000000
26/12/02,5919.9900000
27/12/02,5929.9900000
30/12/02,6036.0000000
31/12/02,6045.0000000
04/01/03,6120.0000000
05/01/03,6111.0100000
08/01/03,6145.0000000
09/01/03,6120.0100000
10/01/03,6240.0000000
13/01/03,6231.0000000
14/01/03,6279.0000000
15/01/03,6200.0000000
16/01/03,6297.0000000
17/01/03,6199.9900000
20/01/03,6125.0000000
21/01/03,6246.0000000
22/01/03,6112.1000000
23/01/03,6147.0000000
24/01/03,6100.0000000
27/01/03,6008.9900000
28/01/03,6020.0000000
29/01/03,5981.0000000
30/01/03,5980.0000000
31/01/03,6100.0100000
03/02/03,6022.0000000
04/02/03,6110.0000000
05/02/03,6127.1200000
06/02/03,6122.0000000
07/02/03,6099.9000000
10/02/03,6100.0000000
11/02/03,6100.0000000
12/02/03,6245.0000000
13/02/03,6185.0000000
14/02/03,6228.9900000
17/02/03,6349.0000000
18/02/03,6375.7600000
19/02/03,6499.0000000
20/02/03,6499.9900000
21/02/03,6587.0000000
25/02/03,6660.0000000
26/02/03,6769.9900000
27/02/03,6651.0000000
28/02/03,6670.0000000
03/03/03,6686.0000000
04/03/03,6881.0000000
05/03/03,6810.0000000
06/03/03,7000.0000000
07/03/03,7000.0000000
11/03/03,6820.0000000
12/03/03,6794.0000000
13/03/03,6750.0000000
14/03/03,6840.0000000
17/03/03,6770.0000000
18/03/03,6599.0000000
19/03/03,6451.0000000
20/03/03,6560.0000000
21/03/03,6608.0000000
24/03/03,6675.9900000
25/03/03,6455.0000000
26/03/03,6470.0000000
27/03/03,6574.9800000
28/03/03,6525.0000000
31/03/03,6520.0000000
01/04/03,6385.0000000
02/04/03,6425.0000000
03/04/03,6470.0000000
04/04/03,6531.0000000
07/04/03,6643.0000000
08/04/03,6802.0000000
09/04/03,6780.0000000
10/04/03,6735.0200000
11/04/03,6770.0000000
14/04/03,6779.0000000
15/04/03,6789.0000000
16/04/03,6885.0000000
17/04/03,6902.0000000
18/04/03,6941.0000000
21/04/03,7028.0000000
22/04/03,7158.9900000
23/04/03,7150.0000000
24/04/03,7189.9900000
25/04/03,7095.0000000
28/04/03,7120.0000000
29/04/03,7179.0000000
30/04/03,7140.0100000
05/05/03,7130.0000000
06/05/03,7180.0000000
07/05/03,7190.0000000
08/05/03,7300.0000000
12/05/03,7351.0000000
13/05/03,8014.0000000
14/05/03,7900.0000000
15/05/03,7923.0000000
16/05/03,8049.0000000
19/05/03,8070.0000000
20/05/03,7985.0000000
21/05/03,8039.0000000
22/05/03,8018.0000000
23/05/03,8001.0000000
26/05/03,8300.0000000
27/05/03,8440.6200000
28/05/03,8382.0000000
29/05/03,8474.9900000
30/05/03,8250.0000000
02/06/03,8124.9000000
03/06/03,8000.0000000
04/06/03,8050.0000000
05/06/03,8239.0000000
06/06/03,8145.0000000
09/06/03,8150.0000000
10/06/03,8200.0000000
11/06/03,8060.0000000
16/06/03,8293.5000000
17/06/03,8679.9800000
18/06/03,8520.0000000
19/06/03,8500.0000000
20/06/03,8310.0000000
21/06/03,8360.0000000
23/06/03,8380.0000000
24/06/03,8325.0000000
25/06/03,8449.0000000
26/06/03,8499.9800000
27/06/03,8624.0000000
30/06/03,8570.0000000
01/07/03,8450.0000000
02/07/03,8400.0000000
03/07/03,8500.0000000
04/07/03,8550.0000000
07/07/03,8595.0000000
08/07/03,8660.0000000
09/07/03,8614.0000000
10/07/03,7525.0000000
11/07/03,8275.0000000
14/07/03,7972.5000000
15/07/03,8189.9500000
16/07/03,8065.0000000
17/07/03,7570.0000000
18/07/03,7384.9900000
21/07/03,7545.0000000
22/07/03,7655.0000000
23/07/03,7661.0000000
24/07/03,7580.0000000
25/07/03,7695.0000000
28/07/03,7730.0000000
29/07/03,7165.5000000
30/07/03,7500.0000000
31/07/03,7152.5000000
01/08/03,7650.0000000
04/08/03,7355.0000000
05/08/03,7251.0000000
06/08/03,7299.9900000
07/08/03,7400.0000000
08/08/03,7380.0000000
11/08/03,7430.0000000
12/08/03,7578.0000000
13/08/03,7550.0000000
14/08/03,7795.5000000
15/08/03,7616.0000000
18/08/03,7650.0000000
19/08/03,7700.0000000
20/08/03,7694.5000000
21/08/03,7648.0000000
22/08/03,7649.0000000
25/08/03,7253.5000000
26/08/03,7502.5000000
27/08/03,7500.0500000
28/08/03,7500.0100000
29/08/03,8498.5000000
01/09/03,7732.0000000
02/09/03,7928.0000000
03/09/03,8200.5000000
04/09/03,8270.0000000
05/09/03,8388.0000000
08/09/03,8210.0500000
09/09/03,8195.0000000
10/09/03,8208.0000000
11/09/03,8250.0000000
12/09/03,8327.9800000
15/09/03,8337.5000000
16/09/03,8349.5000000
17/09/03,8345.0000000
18/09/03,8125.0100000
19/09/03,8002.5000000
22/09/03,7910.0000000
23/09/03,7940.0000000
24/09/03,8040.0000000
25/09/03,7920.0000000
26/09/03,7777.1000000
29/09/03,7806.5000000
30/09/03,7899.9900000
01/10/03,8030.0000000
02/10/03,8149.6100000
03/10/03,8247.5500000
06/10/03,8345.0000000
07/10/03,8220.0000000
08/10/03,8219.0000000
09/10/03,8950.0000000
10/10/03,8894.0000000
13/10/03,8900.0000000
14/10/03,9350.0000000
15/10/03,8950.0000000
16/10/03,9072.0000000
17/10/03,9134.5000000
20/10/03,9020.0000000
21/10/03,8665.0100000
22/10/03,8533.0000000
23/10/03,8325.5000000
24/10/03,8260.0000000
27/10/03,7800.0000000
28/10/03,7907.0000000
29/10/03,8051.5000000
30/10/03,7962.5000000
31/10/03,7375.0000000
03/11/03,7800.0000000
04/11/03,8175.0000000
05/11/03,8099.5000000
06/11/03,7899.9900000
10/11/03,7900.0000000
11/11/03,7949.5000000
12/11/03,7705.0000000
13/11/03,7465.0000000
14/11/03,7455.0000000
17/11/03,7509.5000000
18/11/03,7305.5000000
19/11/03,7208.0000000
20/11/03,7114.5000000
21/11/03,7255.0000000
24/11/03,7250.0000000
25/11/03,7299.9900000
26/11/03,7354.0000000
27/11/03,7390.0000000
28/11/03,7721.0000000
01/12/03,7512.9800000
02/12/03,7837.0000000
03/12/03,7830.5000000
04/12/03,7780.0100000
05/12/03,7700.0000000
08/12/03,7615.5000000
09/12/03,7820.0000000
10/12/03,7810.0100000
11/12/03,7776.0000000
15/12/03,7750.0000000
16/12/03,7850.5000000
17/12/03,7516.0000000
18/12/03,7590.0000000
19/12/03,7540.0000000
22/12/03,7700.0000000
23/12/03,7725.0000000
24/12/03,7680.0000000
25/12/03,7620.0000000
26/12/03,7561.0100000
29/12/03,7780.5000000
30/12/03,7674.9900000
05/01/04,7660.0100000
06/01/04,7970.0000000
08/01/04,8255.0000000
09/01/04,8334.9900000
12/01/04,8700.0000000
13/01/04,8520.0000000
14/01/04,8544.0000000
15/01/04,8557.5000000
16/01/04,8303.5000000
19/01/04,8520.0000000
20/01/04,8521.0000000
21/01/04,8532.0000000
22/01/04,8570.0000000
23/01/04,8562.7800000
26/01/04,8584.0900000
27/01/04,8677.9000000
28/01/04,8633.5000000
29/01/04,8555.0000000
30/01/04,8501.0000000
02/02/04,8368.9900000
03/02/04,8349.0000000
04/02/04,8469.9000000
05/02/04,8597.5000000
06/02/04,8400.0000000
09/02/04,8588.7500000
10/02/04,8700.0000000
11/02/04,8707.0000000
12/02/04,8875.0000000
13/02/04,8979.0000000
16/02/04,8957.0000000
17/02/04,9005.0000000
18/02/04,9070.0000000
19/02/04,9104.4500000
20/02/04,9200.5100000
24/02/04,8905.0000000
25/02/04,9675.0000000
26/02/04,9900.0000000
27/02/04,9800.5100000
01/03/04,9863.0000000
02/03/04,10130.0000000
03/03/04,9999.5000000
04/03/04,9828.0800000
05/03/04,9945.0000000
09/03/04,10057.5000000
10/03/04,10250.0000000
11/03/04,10100.0000000
12/03/04,9916.0000000
15/03/04,10024.9900000
16/03/04,10055.0000000
17/03/04,10300.0000000
18/03/04,10307.5000000
19/03/04,11013.0000000
22/03/04,11610.0000000
23/03/04,11352.5000000
24/03/04,11636.5000000
25/03/04,11567.5000000
26/03/04,11890.0000000
29/03/04,11987.5000000
30/03/04,12819.5000000
31/03/04,12696.5000000
01/04/04,12680.0000000
02/04/04,12450.0000000
05/04/04,12730.0000000
06/04/04,12899.5000000
07/04/04,12349.5000000
08/04/04,12350.0000000
09/04/04,12599.5000000
12/04/04,12470.0000000
13/04/04,12250.0000000
14/04/04,12000.0000000
15/04/04,12050.0000000
16/04/04,12250.0000000
19/04/04,11860.5000000
20/04/04,11750.0000000
21/04/04,11873.1700000
22/04/04,11544.5000000
23/04/04,11700.0000000
26/04/04,11750.0000000
27/04/04,11670.0000000
28/04/04,12040.0000000
29/04/04,11449.5000000
30/04/04,11245.0000000
05/05/04,11200.0000000
06/05/04,11380.0000000
07/05/04,11221.0000000
11/05/04,10475.0000000
12/05/04,10315.0200000
13/05/04,11045.0000000
14/05/04,11237.5000000
17/05/04,11022.5000000
18/05/04,11475.0000000
19/05/04,11895.5100000
20/05/04,11626.0000000
21/05/04,12400.0000000
24/05/04,12330.0000000
25/05/04,12250.0000000
26/05/04,11900.5000000
27/05/04,11927.4500000
28/05/04,11840.5000000
31/05/04,11568.5000000
01/06/04,11345.0000000
02/06/04,11224.9900000
03/06/04,11700.0000000
04/06/04,11757.5000000
07/06/04,11709.9900000
08/06/04,12233.5000000
09/06/04,11999.5000000
10/06/04,11768.0100000
11/06/04,11471.0000000
15/06/04,11335.5500000
16/06/04,11049.4400000
17/06/04,11149.9900000
18/06/04,11900.5000000
21/06/04,11790.0600000
22/06/04,11782.5000000
23/06/04,11655.0000000
24/06/04,11760.0000000
25/06/04,11802.0000000
28/06/04,11941.0500000
29/06/04,11513.0000000
30/06/04,11750.0000000
01/07/04,11763.0000000
02/07/04,11400.0000000
05/07/04,11475.0100000
06/07/04,11661.0000000
07/07/04,11771.0000000
08/07/04,11655.0000000
09/07/04,11611.0000000
12/07/04,11596.5000000
13/07/04,11750.0100000
14/07/04,11997.5000000
15/07/04,12100.0000000
16/07/04,12765.0000000
19/07/04,12782.5000000
20/07/04,12766.0000000
21/07/04,12300.0000000
22/07/04,12160.0000000
23/07/04,12150.0000000
26/07/04,12180.0000000
27/07/04,12080.0000000
28/07/04,11890.0000000
29/07/04,11070.0000000
30/07/04,11580.0000000
02/08/04,11190.0000000
03/08/04,10824.5000000
04/08/04,10799.9900000
05/08/04,11005.0000000
06/08/04,10850.0000000
09/08/04,10943.5000000
10/08/04,10802.9900000
11/08/04,10815.0000000
12/08/04,10749.0000000
13/08/04,11360.0000000
16/08/04,11200.0000000
17/08/04,11087.3000000
18/08/04,11062.5000000
19/08/04,11050.0000000
20/08/04,11055.0000000
23/08/04,11055.0000000
24/08/04,11098.5600000
25/08/04,11010.0000000
26/08/04,11197.8800000
27/08/04,11330.0000000
30/08/04,11400.0000000
31/08/04,11370.0000000
01/09/04,11449.4900000
02/09/04,11500.0000000
03/09/04,11552.0100000
06/09/04,11633.0000000
07/09/04,11927.5000000
08/09/04,11919.9800000
09/09/04,11855.0000000
10/09/04,12040.0000000
13/09/04,12225.0000000
14/09/04,12089.0000000
15/09/04,12430.0000000
16/09/04,12380.0000000
17/09/04,12465.0000000
20/09/04,12500.0000000
21/09/04,12510.0000000
22/09/04,12560.0000000
23/09/04,12430.0000000
24/09/04,12295.5000000
27/09/04,12247.4900000
28/09/04,12225.0000000
29/09/04,11645.0100000
30/09/04,12155.0100000
01/10/04,12209.5000000
04/10/04,12482.4300000
05/10/04,12466.0100000
06/10/04,12560.0100000
07/10/04,12700.0000000
08/10/04,12699.9700000
11/10/04,12750.0000000
12/10/04,13008.5000000
13/10/04,12379.5000000
14/10/04,12522.0000000
15/10/04,12700.0000000
18/10/04,12550.0000000
19/10/04,12803.6300000
20/10/04,13000.0000000
21/10/04,12501.0100000
22/10/04,12600.0000000
25/10/04,12795.3700000
26/10/04,12700.0000000
27/10/04,12949.5000000
28/10/04,13344.5000000
29/10/04,13109.0000000
01/11/04,13744.5000000
02/11/04,13071.5000000
03/11/04,13482.9300000
04/11/04,13349.9900000
05/11/04,13390.0000000
09/11/04,14062.5000000
10/11/04,14172.0000000
11/11/04,14052.0000000
12/11/04,14147.5300000
15/11/04,14200.0000000
16/11/04,13759.0000000
17/11/04,14002.1100000
18/11/04,14095.0000000
19/11/04,14525.0000000
22/11/04,14250.0000000
23/11/04,14200.0000000
24/11/04,13451.5000000
25/11/04,13650.0000000
26/11/04,13508.0000000
29/11/04,13601.0000000
30/11/04,13937.4900000
01/12/04,13751.0000000
02/12/04,13445.0000000
03/12/04,13980.5100000
06/12/04,13201.0000000
07/12/04,13237.5000000
08/12/04,13850.0000000
09/12/04,13000.0000000
10/12/04,12370.0000000
14/12/04,12200.0000000
15/12/04,12750.0000000
16/12/04,12799.9900000
17/12/04,12900.0000000
20/12/04,12040.1000000
21/12/04,12600.0000000
22/12/04,13495.0000000
23/12/04,13200.0000000
24/12/04,13365.0000000
27/12/04,13290.0000000
28/12/04,13721.7500000
29/12/04,13560.0000000
30/12/04,13435.0000000
11/01/05,14010.0000000
12/01/05,14190.0000000
13/01/05,14050.0000000
14/01/05,13955.5000000
17/01/05,13673.5000000
18/01/05,13602.5000000
19/01/05,13544.0000000
20/01/05,13550.0000000
21/01/05,13849.4900000
24/01/05,13882.5100000
25/01/05,13749.4900000
26/01/05,13987.0000000
27/01/05,14014.0000000
28/01/05,14022.5000000
31/01/05,13846.0000000
01/02/05,14124.5000000
02/02/05,14567.0000000
03/02/05,14580.0000000
04/02/05,14705.0000000
07/02/05,14860.0000000
08/02/05,14920.0000000
09/02/05,15090.0000000
10/02/05,15071.0100000
11/02/05,15050.0000000
14/02/05,15230.0000000
15/02/05,15520.0000000
16/02/05,15698.1900000
17/02/05,15460.0000000
18/02/05,15473.0000000
21/02/05,15601.0000000
22/02/05,15548.0000000
24/02/05,15650.0000000
25/02/05,15900.0000000
28/02/05,16295.0000000
01/03/05,16330.0000000
02/03/05,16220.0000000
03/03/05,15801.0000000
04/03/05,15944.9900000
05/03/05,16570.0000000
09/03/05,16649.0000000
10/03/05,16251.0000000
11/03/05,15900.0000000
14/03/05,15910.0000000
15/03/05,15920.0000000
16/03/05,15827.5000000
17/03/05,15200.0000000
18/03/05,15602.2800000
21/03/05,15436.5000000
22/03/05,15675.0000000
23/03/05,15900.0000000
24/03/05,15875.0000000
25/03/05,16300.0000000
28/03/05,16410.0000000
29/03/05,16477.9900000
30/03/05,16270.5000000
31/03/05,16110.0000000
01/04/05,16555.0000000
04/04/05,17050.0000000
05/04/05,17200.0000000
06/04/05,17397.0000000
07/04/05,17500.5000000
08/04/05,17600.0000000
11/04/05,17635.0000000
12/04/05,17500.0000000
13/04/05,17660.0000000
14/04/05,18025.0000000
15/04/05,17901.0000000
18/04/05,18165.0000000
19/04/05,18226.9200000
20/04/05,18140.0000000
21/04/05,17825.0000000
22/04/05,18523.5000000
25/04/05,18259.5000000
26/04/05,18199.4500000
27/04/05,18151.0100000
28/04/05,17880.0000000
29/04/05,17850.0000000
03/05/05,17977.5000000
04/05/05,18300.0000000
05/05/05,18400.0000000
06/05/05,18151.4500000
11/05/05,17890.0000000
12/05/05,17680.0000000
13/05/05,17670.0000000
14/05/05,18385.0000000
16/05/05,17785.0000000
17/05/05,17523.0000000
18/05/05,18059.5000000
19/05/05,18030.0100000
20/05/05,18040.0000000
23/05/05,17895.0100000
24/05/05,17199.0100000
25/05/05,18240.0000000
26/05/05,18000.0000000
27/05/05,17849.2400000
30/05/05,17847.0000000
31/05/05,17985.0100000
01/06/05,18500.5100000
02/06/05,18510.0000000
03/06/05,18405.0100000
06/06/05,18565.0000000
07/06/05,18500.0000000
08/06/05,18381.0000000
09/06/05,18451.0000000
10/06/05,18377.0000000
14/06/05,18476.0000000
15/06/05,18500.5000000
16/06/05,18443.0000000
17/06/05,18599.5000000
20/06/05,18600.0000000
21/06/05,18499.5000000
22/06/05,18409.5000000
23/06/05,18462.5000000
24/06/05,18599.5000000
27/06/05,19000.0000000
28/06/05,18900.2100000
29/06/05,18838.5000000
30/06/05,19406.0000000
01/07/05,19180.0000000
04/07/05,19309.9500000
05/07/05,19200.0000000
06/07/05,18772.6300000
07/07/05,20200.0000000
08/07/05,20440.0000000
11/07/05,20892.5000000
12/07/05,21031.0000000
13/07/05,20750.0000000
14/07/05,21205.0100000
15/07/05,21000.0000000
18/07/05,20910.0000000
19/07/05,20721.0000000
20/07/05,21228.3700000
21/07/05,21189.0000000
22/07/05,21312.5000000
25/07/05,22150.0000000
26/07/05,23275.5000000
27/07/05,22166.0000000
28/07/05,22299.6900000
29/07/05,22204.4300000
01/08/05,21849.9000000
02/08/05,22111.0000000
03/08/05,22300.5000000
04/08/05,21800.0000000
05/08/05,22550.0000000
08/08/05,22595.0000000
09/08/05,22605.0000000
10/08/05,22493.0000000
11/08/05,22397.0000000
12/08/05,22090.0000000
15/08/05,21950.0000000
16/08/05,22444.0000000
17/08/05,22900.0000000
18/08/05,23749.0000000
19/08/05,23274.5100000
22/08/05,23435.0000000
23/08/05,25160.0000000
24/08/05,26283.5000000
25/08/05,25600.0000000
26/08/05,25436.0000000
29/08/05,25120.0000000
30/08/05,25300.0000000
31/08/05,25385.0000000
01/09/05,25515.0000000
02/09/05,25525.0100000
05/09/05,25627.5000000
06/09/05,25270.5300000
07/09/05,24400.0000000
08/09/05,24300.0000000
09/09/05,25504.0500000
12/09/05,25685.0000000
13/09/05,25410.0000000
14/09/05,25849.5000000
15/09/05,25600.0000000
16/09/05,25670.0000000
19/09/05,25760.0000000
20/09/05,26000.0000000
21/09/05,26860.5000000
22/09/05,27080.0000000
23/09/05,26700.5000000
26/09/05,26913.5000000
27/09/05,26707.0000000
28/09/05,26997.5000000
29/09/05,27640.0000000
30/09/05,27100.0000000
03/10/05,27350.0000000
04/10/05,27575.0000000
05/10/05,27500.0000000
06/10/05,26600.0000000
07/10/05,25998.0000000
10/10/05,25920.0000000
11/10/05,26749.5000000
12/10/05,27075.0000000
13/10/05,26100.0000000
14/10/05,25241.5000000
17/10/05,24894.0000000
18/10/05,24727.7500000
19/10/05,24795.3000000
20/10/05,24100.0000000
21/10/05,23772.5000000
24/10/05,23875.0000000
25/10/05,24389.0000000
26/10/05,24057.5000000
27/10/05,24575.0000000
28/10/05,23750.0000000
31/10/05,24839.5000000
01/11/05,25179.5000000
02/11/05,25411.0000000
03/11/05,27128.7500000
07/11/05,26757.5000000
08/11/05,27100.0000000
09/11/05,27100.0000000
10/11/05,27350.0000000
11/11/05,27785.0000000
14/11/05,28312.0000000
15/11/05,29820.0000000
16/11/05,31300.0000000
17/11/05,30792.0000000
18/11/05,31350.0000000
21/11/05,31285.0000000
22/11/05,31410.0000000
23/11/05,31250.0000000
24/11/05,31245.0000000
25/11/05,31300.0000000
28/11/05,31410.0100000
29/11/05,31850.0000000
30/11/05,31648.9700000
01/12/05,32097.0000000
02/12/05,33133.0000000
05/12/05,34344.0000000
06/12/05,34400.0000000
07/12/05,33850.0000000
08/12/05,34680.0000000
09/12/05,34800.0000000
12/12/05,34799.0000000
13/12/05,35100.0100000
14/12/05,35000.0000000
15/12/05,34740.0000000
16/12/05,34730.0100000
19/12/05,34601.0000000
20/12/05,31320.0000000
21/12/05,34683.0000000
22/12/05,34850.0000000
23/12/05,36890.0000000
26/12/05,37499.9900000
27/12/05,37980.0000000
28/12/05,37590.0000000
29/12/05,37399.9800000
30/12/05,37880.0000000
10/01/06,38550.0000000
11/01/06,40050.0000000
12/01/06,42300.0000000
13/01/06,47650.0000000
16/01/06,45510.0000000
17/01/06,46125.0000000
18/01/06,42214.2200000
19/01/06,39900.0000000
20/01/06,43500.0000000
23/01/06,43500.0000000
24/01/06,42289.0000000
25/01/06,43050.0000000
26/01/06,43225.0000000
27/01/06,42650.0000000
30/01/06,43890.0000000
31/01/06,42200.0000000
01/02/06,41800.0000000
02/02/06,42475.0000000
03/02/06,41900.0000000
06/02/06,40750.0000000
07/02/06,41999.0000000
08/02/06,41150.0000000
09/02/06,42950.0000000
10/02/06,45199.9900000
13/02/06,43751.0100000
14/02/06,43599.9900000
15/02/06,44720.0000000
16/02/06,44011.0100000
17/02/06,44568.6700000
20/02/06,45500.1300000
21/02/06,45800.0000000
22/02/06,44698.9900000
26/02/06,44880.0100000
27/02/06,46000.0000000
28/02/06,44910.0000000
01/03/06,43159.0000000
02/03/06,42989.9900000
03/03/06,43000.0000000
06/03/06,43041.0000000
07/03/06,41950.0000000
09/03/06,39950.0000000
10/03/06,39105.0000000
13/03/06,39699.0000000
14/03/06,41092.0000000
15/03/06,40010.0000000
16/03/06,39197.0000000
17/03/06,39400.0000000
20/03/06,40000.0100000
21/03/06,39739.0000000
22/03/06,39947.0000000
23/03/06,40494.9900000
24/03/06,41600.0000000
27/03/06,41577.9000000
28/03/06,41250.0000000
29/03/06,39990.0000000
30/03/06,40000.0000000
31/03/06,41150.0000000
03/04/06,41171.0300000
04/04/06,41439.9700000
05/04/06,41000.0000000
06/04/06,42148.0000000
07/04/06,41600.0000000
10/04/06,41800.0500000
11/04/06,43525.0000000
12/04/06,42800.0000000
13/04/06,43601.0000000
14/04/06,43100.0000000
17/04/06,43498.0000000
18/04/06,43599.9000000
19/04/06,43801.0000000
20/04/06,43850.0000000
21/04/06,42401.0100000
24/04/06,42849.0000000
25/04/06,42432.0700000
26/04/06,43500.0100000
27/04/06,47900.9000000
28/04/06,46100.0000000
02/05/06,49349.9900000
03/05/06,52299.0000000
04/05/06,49150.0000000
05/05/06,49850.0000000
06/05/06,50000.0000000
10/05/06,50481.0000000
11/05/06,48670.0100000
12/05/06,46701.0000000
15/05/06,45800.0000000
16/05/06,43699.9900000
17/05/06,44395.0000000
18/05/06,40512.0000000
19/05/06,42600.0000000
22/05/06,41910.0000000
23/05/06,38002.0000000
24/05/06,41800.0000000
25/05/06,40050.0000000
26/05/06,44000.0000000
29/05/06,45100.0000000
30/05/06,43000.0000000
31/05/06,41900.0000000
01/06/06,43202.0100000
02/06/06,45650.0000000
05/06/06,47999.0000000
06/06/06,46450.0000000
07/06/06,44600.0000000
08/06/06,43650.0000000
09/06/06,42599.9900000
13/06/06,40489.0000000
14/06/06,40000.0000000
15/06/06,41399.0000000
16/06/06,43522.0000000
19/06/06,41100.0000000
20/06/06,41744.0000000
21/06/06,44200.0000000
22/06/06,44785.0000000
23/06/06,42999.9900000
26/06/06,44090.0000000
27/06/06,43820.0000000
28/06/06,44000.0000000
29/06/06,45700.0000000
30/06/06,46090.0000000
03/07/06,46485.0100000
04/07/06,46200.0000000
05/07/06,48810.0000000
06/07/06,46850.0000000
07/07/06,47900.0000000
10/07/06,50600.0000000
11/07/06,52100.0000000
12/07/06,51000.0000000
13/07/06,49590.0000000
14/07/06,46740.0000000
17/07/06,46700.0000000
18/07/06,45005.0000000
19/07/06,45000.0000000
20/07/06,52000.0000000
04/08/06,51992.0000000
07/08/06,51257.0000000
08/08/06,51101.0000000
09/08/06,50900.0000000
10/08/06,51515.0000000
11/08/06,52000.0000000
14/08/06,53050.0000000
15/08/06,53605.0000000
16/08/06,54102.0000000
17/08/06,55297.9900000
18/08/06,55214.0200000
21/08/06,53000.0000000
22/08/06,53900.0000000
23/08/06,55101.0000000
24/08/06,54400.0000000
25/08/06,54701.0000000
28/08/06,54975.0000000
29/08/06,55000.0000000
30/08/06,57690.0000000
31/08/06,59050.0000000
01/09/06,57489.0000000
04/09/06,57177.0000000
05/09/06,58200.0000000
06/09/06,59750.0300000
07/09/06,58701.1000000
08/09/06,57619.0000000
11/09/06,56205.0000000
12/09/06,54500.0000000
13/09/06,54499.9400000
14/09/06,55110.0000000
15/09/06,54500.0000000
18/09/06,54900.0000000
19/09/06,55300.0000000
20/09/06,55350.0000000
21/09/06,55202.0200000
22/09/06,56100.0000000
25/09/06,54100.0000000
26/09/06,53700.0000000
27/09/06,55700.0000000
28/09/06,57522.0000000
29/09/06,58390.0000000
02/10/06,58500.0000000
03/10/06,57500.0000000
04/10/06,55500.0000000
05/10/06,58370.0000000
06/10/06,59989.9900000
09/10/06,59350.0000000
10/10/06,60540.0100000
11/10/06,61700.0000000
12/10/06,61160.0000000
13/10/06,62200.0000000
16/10/06,62200.0000000
17/10/06,61510.0000000
18/10/06,59100.0000000
19/10/06,60050.1300000
20/10/06,61201.0000000
23/10/06,61500.0000000
24/10/06,62302.0000000
25/10/06,60150.0000000
26/10/06,61300.0000000
27/10/06,61140.0000000
30/10/06,60400.0000000
31/10/06,59050.0000000
01/11/06,60449.0000000
02/11/06,60974.3100000
03/11/06,60522.0000000
07/11/06,61300.0000000
08/11/06,62060.0000000
09/11/06,62720.0000000
10/11/06,63799.0000000
13/11/06,63900.0000000
14/11/06,64499.0000000
15/11/06,63402.0200000
16/11/06,64010.0000000
17/11/06,64975.0000000
20/11/06,65914.0100000
21/11/06,65225.0000000
22/11/06,65500.0000000
23/11/06,65899.9800000
24/11/06,65899.0000000
27/11/06,66000.0000000
28/11/06,65350.0000000
29/11/06,65450.0000000
30/11/06,65800.0000000
01/12/06,65600.0000000
04/12/06,65264.3600000
05/12/06,65600.0000000
06/12/06,65850.0000000
07/12/06,69150.0000000
08/12/06,70401.0000000
11/12/06,73849.9900000
12/12/06,75005.0000000
13/12/06,76450.0000000
14/12/06,77700.0000000
15/12/06,79001.0000000
18/12/06,78211.0000000
19/12/06,80800.0000000
20/12/06,80400.0000000
21/12/06,82310.0000000
22/12/06,82399.0000000
25/12/06,81768.0400000
26/12/06,81300.0000000
27/12/06,81000.0000000
28/12/06,85100.0000000
29/12/06,90500.0000000
09/01/07,89995.0000000
10/01/07,83668.0000000
11/01/07,82000.0000000
12/01/07,86750.0000000
15/01/07,87795.0000000
16/01/07,89582.0800000
17/01/07,94505.0500000
18/01/07,93577.0000000
19/01/07,89800.0000000
22/01/07,92050.5000000
23/01/07,92400.0000000
24/01/07,92750.0100000
25/01/07,92099.0100000
26/01/07,93001.0100000
29/01/07,93245.0000000
30/01/07,86020.0100000
31/01/07,87700.0000000
01/02/07,88500.0000000
02/02/07,92993.0000000
05/02/07,92450.0000000
06/02/07,90789.0000000
07/02/07,91345.6600000
08/02/07,90200.0000000
09/02/07,90599.9900000
12/02/07,89026.8500000
13/02/07,88850.0000000
14/02/07,91200.0000000
15/02/07,92049.0000000
16/02/07,93985.0000000
19/02/07,92550.0000000
20/02/07,92200.0000000
21/02/07,92700.0000000
22/02/07,93500.0000000
26/02/07,98100.0100000
27/02/07,98205.0000000
28/02/07,93280.0000000
01/03/07,96400.0000000
02/03/07,92500.0100000
05/03/07,89750.0000000
06/03/07,92200.0000000
07/03/07,93125.0000000
09/03/07,92990.0000000
12/03/07,92600.0000000
13/03/07,92000.0000000
14/03/07,89150.0000000
15/03/07,91170.0000000
16/03/07,90000.0000000
19/03/07,90298.5000000
20/03/07,91450.0000000
21/03/07,90500.0000000
22/03/07,91000.0000000
23/03/07,93500.0000000
26/03/07,94999.9800000
27/03/07,93990.0000000
28/03/07,92510.0000000
29/03/07,92900.0000000
30/03/07,93747.0000000
02/04/07,92200.0000000
03/04/07,92916.0500000
04/04/07,92929.2900000
05/04/07,93450.0000000
06/04/07,95900.0000000
09/04/07,97800.0000000
10/04/07,99315.0000000
11/04/07,100195.0000000
12/04/07,99777.0000000
13/04/07,99800.0000000
16/04/07,103000.0000000
17/04/07,102950.0000000
18/04/07,102501.0000000
19/04/07,99700.0100000
20/04/07,101483.0000000
23/04/07,103495.0000000
24/04/07,102300.0800000
25/04/07,101200.0200000
26/04/07,103388.0000000
27/04/07,101990.0000000
28/04/07,100248.0000000
02/05/07,102000.0000000
03/05/07,103200.0000000
04/05/07,102997.9600000
07/05/07,103000.0000000
08/05/07,103197.9400000
10/05/07,103190.0000000
11/05/07,103001.0000000
14/05/07,101250.0000000
15/05/07,99100.0000000
16/05/07,97650.0000000
17/05/07,98495.0000000
18/05/07,97998.9900000
21/05/07,99567.0000000
22/05/07,98050.0000000
23/05/07,96399.0000000
24/05/07,92000.0000000
25/05/07,90499.9900000
28/05/07,93750.0000000
29/05/07,92346.1500000
30/05/07,88000.0000000
31/05/07,89300.0000000
01/06/07,91900.0000000
04/06/07,95400.0000000
05/06/07,96550.0000000
06/06/07,97193.0000000
07/06/07,96020.0000000
08/06/07,94701.0000000
09/06/07,94981.0000000
13/06/07,93999.0000000
14/06/07,96575.0000000
15/06/07,99250.0000000
18/06/07,99788.0000000
19/06/07,98701.0000000
20/06/07,99480.0000000
21/06/07,99351.0000000
22/06/07,99400.0000000
25/06/07,98700.0000000
26/06/07,99700.0000000
27/06/07,99501.0000000
28/06/07,99600.0000000
29/06/07,100450.0000000
02/07/07,100003.3000000
03/07/07,100699.9900000
04/07/07,100899.9900000
05/07/07,100550.0000000
06/07/07,101055.0000000
09/07/07,101630.9000000
10/07/07,102997.0000000
11/07/07,102500.0000000
12/07/07,104650.0000000
13/07/07,107900.0000000
16/07/07,106600.0000000
17/07/07,106050.0000000
20/07/07,109.0000000
23/07/07,109.8900000
24/07/07,112.1000000
25/07/07,108.5000000
26/07/07,110.0000000
27/07/07,102.0000000
30/07/07,102.8000000
31/07/07,103.5300000
01/08/07,102.6500000
02/08/07,102.5500000
03/08/07,103.0500000
06/08/07,100.8800000
07/08/07,101.5900000
08/08/07,101.6500000
09/08/07,103.5300000
10/08/07,97.5800000
13/08/07,96.6000000
14/08/07,96.1900000
15/08/07,95.0700000
16/08/07,92.5000000
17/08/07,90.5100000
20/08/07,95.2500000
21/08/07,94.0100000
22/08/07,91.6900000
23/08/07,94.7600000
24/08/07,93.3000000
27/08/07,95.1800000
28/08/07,94.8700000
29/08/07,92.1100000
30/08/07,95.0000000
31/08/07,95.5300000
03/09/07,97.8000000
04/09/07,97.9100000
05/09/07,97.5500000
06/09/07,95.1700000
07/09/07,96.5000000
10/09/07,93.6000000
11/09/07,94.7000000
12/09/07,95.1200000
13/09/07,94.4000000
14/09/07,96.6000000
17/09/07,96.1000000
18/09/07,94.6000000
19/09/07,99.8500000
20/09/07,103.1000000
21/09/07,101.5400000
24/09/07,102.0300000
25/09/07,101.3000000
26/09/07,100.0000000
27/09/07,101.8000000
28/09/07,102.2900000
01/10/07,102.8800000
02/10/07,102.6000000
03/10/07,104.7000000
04/10/07,102.8100000
05/10/07,101.7900000
08/10/07,103.0800000
09/10/07,103.5600000
10/10/07,106.5000000
11/10/07,106.0900000
12/10/07,106.1600000
15/10/07,109.1700000
16/10/07,108.9000000
17/10/07,108.4600000
18/10/07,108.6500000
19/10/07,106.2500000
22/10/07,105.1100000
23/10/07,106.8700000
24/10/07,106.3100000
25/10/07,106.3200000
26/10/07,107.7000000
29/10/07,108.4900000
30/10/07,106.4000000
31/10/07,105.3000000
01/11/07,107.5100000
02/11/07,104.5000000
06/11/07,105.2800000
07/11/07,106.7700000
08/11/07,105.3000000
09/11/07,106.7000000
12/11/07,104.4800000
13/11/07,105.9000000
14/11/07,106.2000000
15/11/07,105.0600000
16/11/07,104.7800000
19/11/07,103.8600000
20/11/07,102.2700000
21/11/07,101.4500000
22/11/07,99.0100000
23/11/07,97.9000000
26/11/07,100.5200000
27/11/07,100.7300000
28/11/07,100.5000000
29/11/07,102.5000000
30/11/07,102.9400000
03/12/07,103.9400000
04/12/07,103.9400000
05/12/07,103.2200000
06/12/07,104.8800000
07/12/07,104.7000000
10/12/07,104.6800000
11/12/07,107.6000000
12/12/07,106.8000000
13/12/07,107.4900000
14/12/07,105.8500000
17/12/07,103.6000000
18/12/07,103.2800000
19/12/07,105.6000000
20/12/07,105.8800000
21/12/07,106.4300000
24/12/07,106.5000000
25/12/07,105.7500000
26/12/07,103.2500000
27/12/07,103.9500000
28/12/07,103.3000000
09/01/08,101.9900000
10/01/08,102.0700000
11/01/08,103.6000000
14/01/08,104.2800000
15/01/08,105.2000000
16/01/08,104.2900000
17/01/08,102.2000000
18/01/08,100.4900000
21/01/08,97.1200000
22/01/08,86.3000000
23/01/08,96.1500000
24/01/08,94.5500000
25/01/08,98.0000000
28/01/08,91.0000000
29/01/08,91.8500000
30/01/08,93.6100000
31/01/08,91.6000000
01/02/08,90.5000000
04/02/08,92.5000000
05/02/08,90.0000000
06/02/08,84.0000000
07/02/08,88.0000000
08/02/08,86.1000000
11/02/08,83.8000000
12/02/08,84.0500000
13/02/08,85.1500000
14/02/08,87.0000000
15/02/08,84.9800000
18/02/08,83.8000000
19/02/08,85.3900000
20/02/08,83.6700000
21/02/08,84.3600000
22/02/08,82.9600000
26/02/08,84.1100000
27/02/08,85.7000000
28/02/08,83.5500000
29/02/08,82.4000000
03/03/08,78.2000000
04/03/08,79.0000000
05/03/08,77.1000000
06/03/08,79.3700000
07/03/08,75.3200000
11/03/08,74.9000000
12/03/08,79.6500000
13/03/08,77.0000000
14/03/08,76.5200000
17/03/08,74.8700000
18/03/08,73.7300000
19/03/08,76.4300000
20/03/08,72.8700000
21/03/08,74.7600000
24/03/08,74.6300000
25/03/08,77.9800000
26/03/08,74.8400000
27/03/08,72.7000000
28/03/08,73.5400000
31/03/08,72.9000000
01/04/08,73.5000000
02/04/08,76.8200000
03/04/08,78.7700000
04/04/08,77.1400000
07/04/08,78.0200000
08/04/08,78.6800000
09/04/08,77.2600000
10/04/08,78.2100000
11/04/08,78.0000000
14/04/08,73.4500000
15/04/08,74.2700000
16/04/08,74.0000000
17/04/08,75.6500000
18/04/08,73.7500000
21/04/08,77.0500000
22/04/08,74.8000000
23/04/08,74.9700000
24/04/08,74.3500000
25/04/08,74.5500000
28/04/08,75.1500000
29/04/08,75.6500000
30/04/08,76.8500000
04/05/08,77.7800000
05/05/08,79.9900000
06/05/08,80.8500000
07/05/08,80.9000000
08/05/08,81.0000000
12/05/08,80.8800000
13/05/08,83.8400000
14/05/08,82.8500000
15/05/08,84.5000000
16/05/08,84.6000000
19/05/08,86.0300000
20/05/08,88.2500000
21/05/08,86.4500000
22/05/08,86.9000000
23/05/08,85.8400000
26/05/08,85.8600000
27/05/08,84.7000000
28/05/08,83.4800000
29/05/08,85.0000000
30/05/08,85.5800000
02/06/08,85.1200000
03/06/08,83.5300000
04/06/08,83.1100000
05/06/08,81.9900000
06/06/08,83.3200000
07/06/08,79.6000000
09/06/08,78.9200000
10/06/08,78.4100000
11/06/08,79.2100000
16/06/08,79.4400000
17/06/08,79.4900000
18/06/08,80.6700000
19/06/08,80.0000000
20/06/08,80.2000000
23/06/08,78.4600000
24/06/08,78.0000000
25/06/08,76.7200000
26/06/08,78.7700000
27/06/08,75.7600000
30/06/08,75.8800000
01/07/08,74.1000000
02/07/08,72.2000000
03/07/08,71.7100000
04/07/08,73.0500000
07/07/08,72.8900000
08/07/08,72.1500000
09/07/08,75.0400000
10/07/08,73.8700000
11/07/08,75.1000000
14/07/08,73.3400000
15/07/08,73.2100000
16/07/08,72.5000000
17/07/08,74.3000000
18/07/08,76.4900000
21/07/08,76.2300000
22/07/08,76.3000000
23/07/08,76.0300000
24/07/08,76.4900000
25/07/08,73.9500000
28/07/08,70.9900000
29/07/08,67.6300000
30/07/08,68.4900000
31/07/08,70.7700000
01/08/08,68.1500000
04/08/08,67.5000000
05/08/08,63.5100000
06/08/08,64.0500000
07/08/08,63.3100000
08/08/08,63.0200000
11/08/08,59.5000000
12/08/08,64.9900000
13/08/08,65.9800000
14/08/08,64.5400000
15/08/08,65.0000000
18/08/08,66.2500000
19/08/08,64.1200000
20/08/08,62.0100000
21/08/08,62.2500000
22/08/08,62.7100000
25/08/08,63.3800000
26/08/08,58.4800000
27/08/08,57.0600000
28/08/08,56.6600000
29/08/08,58.7200000
01/09/08,56.3200000
02/09/08,58.0600000
03/09/08,60.4800000
04/09/08,59.1500000
05/09/08,54.1800000
08/09/08,57.6600000
09/09/08,56.2000000
10/09/08,49.4600000
11/09/08,48.6900000
12/09/08,46.8900000
15/09/08,45.4700000
16/09/08,42.8500000
17/09/08,38.9900000
19/09/08,36.0000000
22/09/08,46.6400000
23/09/08,41.9700000
24/09/08,42.8000000
25/09/08,45.0000000
26/09/08,45.7000000
29/09/08,43.5900000
30/09/08,37.1700000
01/10/08,44.8800000
02/10/08,42.0000000
03/10/08,40.1000000
06/10/08,39.2300000
07/10/08,36.0100000
08/10/08,33.4000000
09/10/08,32.9900000
13/10/08,33.5400000
14/10/08,33.0100000
15/10/08,33.9800000
16/10/08,26.0100000
17/10/08,29.0000000
20/10/08,28.0000000
21/10/08,27.5700000
22/10/08,25.3200000
23/10/08,24.5300000
24/10/08,21.6800000
28/10/08,17.9000000
29/10/08,19.3000000
30/10/08,24.9900000
31/10/08,28.6900000
01/11/08,28.6000000
05/11/08,31.5000000
06/11/08,25.0000000
07/11/08,25.1000000
10/11/08,30.6100000
11/11/08,29.5000000
13/11/08,23.0000000
14/11/08,28.5000000
17/11/08,25.1500000
18/11/08,22.5000000
19/11/08,25.2000000
20/11/08,22.1900000
21/11/08,24.3200000
24/11/08,23.9800000
25/11/08,26.6400000
26/11/08,24.8000000
27/11/08,24.9000000
28/11/08,24.8500000
01/12/08,23.1900000
02/12/08,20.7900000
03/12/08,22.1600000
04/12/08,21.1100000
05/12/08,20.0900000
08/12/08,21.6700000
09/12/08,21.5200000
10/12/08,21.1700000
11/12/08,21.0100000
12/12/08,21.0400000
15/12/08,22.6500000
16/12/08,22.1900000
17/12/08,23.5900000
18/12/08,22.2400000
19/12/08,21.1700000
22/12/08,22.1400000
23/12/08,22.4800000
24/12/08,23.4200000
25/12/08,23.2000000
26/12/08,23.1500000
29/12/08,22.3800000
30/12/08,22.2000000
31/12/08,22.9300000
11/01/09,23.3000000
12/01/09,22.9300000
13/01/09,22.6000000
14/01/09,22.3100000
15/01/09,20.3200000
16/01/09,20.5500000
19/01/09,20.2000000
20/01/09,18.3000000
21/01/09,16.7100000
22/01/09,18.0100000
23/01/09,15.8000000
26/01/09,15.4800000
27/01/09,17.1100000
28/01/09,16.5900000
29/01/09,17.3000000
30/01/09,16.2000000
02/02/09,16.2600000
03/02/09,15.9100000
04/02/09,15.4500000
05/02/09,15.0600000
06/02/09,15.1400000
09/02/09,15.6300000
10/02/09,16.7800000
11/02/09,17.3500000
12/02/09,18.7600000
13/02/09,18.9900000
16/02/09,18.8800000
17/02/09,17.4900000
18/02/09,15.3200000
19/02/09,14.7100000
20/02/09,14.5700000
24/02/09,13.9900000
25/02/09,14.6500000
26/02/09,14.4100000
27/02/09,14.6200000
02/03/09,13.8000000
03/03/09,14.1600000
04/03/09,15.2900000
05/03/09,16.5000000
06/03/09,15.3500000
10/03/09,16.0600000
11/03/09,17.4000000
12/03/09,17.0000000
13/03/09,17.2900000
16/03/09,16.9200000
17/03/09,18.5200000
18/03/09,20.9000000
19/03/09,21.7100000
20/03/09,23.9900000
23/03/09,24.0100000
24/03/09,26.6000000
25/03/09,23.2800000
26/03/09,26.0100000
27/03/09,25.1300000
30/03/09,21.8800000
31/03/09,20.1300000
01/04/09,20.9800000
02/04/09,21.9900000
03/04/09,23.3600000
06/04/09,23.7000000
07/04/09,23.4300000
08/04/09,22.8200000
09/04/09,25.3600000
10/04/09,27.5100000
13/04/09,26.7400000
14/04/09,27.0300000
15/04/09,28.2500000
16/04/09,28.7100000
17/04/09,29.7000000
20/04/09,28.7800000
21/04/09,25.7000000
22/04/09,26.7100000
23/04/09,27.2500000
24/04/09,28.2600000
27/04/09,27.5100000
28/04/09,26.5500000
29/04/09,26.3200000
30/04/09,27.7700000
04/05/09,28.4000000
05/05/09,29.6900000
06/05/09,28.5900000
07/05/09,30.0100000
08/05/09,31.4200000
12/05/09,31.2200000
13/05/09,34.2100000
14/05/09,31.4800000
15/05/09,32.4700000
18/05/09,32.1700000
19/05/09,35.0600000
20/05/09,36.2600000
21/05/09,39.1200000
22/05/09,38.0100000
25/05/09,39.1500000
26/05/09,39.2700000
27/05/09,40.4500000
28/05/09,39.9900000
29/05/09,42.5600000
01/06/09,45.9100000
02/06/09,52.0500000
03/06/09,54.0000000
04/06/09,46.6000000
05/06/09,51.9700000
08/06/09,49.3800000
09/06/09,49.5200000
10/06/09,51.1100000
11/06/09,49.7900000
15/06/09,46.8600000
16/06/09,43.0000000
17/06/09,45.5000000
18/06/09,43.6300000
19/06/09,43.2000000
22/06/09,40.4700000
23/06/09,34.5500000
24/06/09,38.5100000
25/06/09,43.0000000
26/06/09,42.9000000
29/06/09,39.0000000
30/06/09,40.9800000
01/07/09,38.5400000
02/07/09,38.7700000
03/07/09,37.6200000
06/07/09,37.5300000
07/07/09,37.6000000
08/07/09,36.2700000
09/07/09,36.3900000
10/07/09,36.2400000
13/07/09,33.3900000
14/07/09,37.3100000
15/07/09,36.7000000
16/07/09,38.3800000
17/07/09,37.5900000
20/07/09,38.6500000
21/07/09,39.2800000
22/07/09,40.1400000
23/07/09,39.5100000
24/07/09,41.5000000
27/07/09,41.6100000
28/07/09,42.1900000
29/07/09,40.0000000
30/07/09,39.8900000
31/07/09,42.9500000
03/08/09,43.1300000
04/08/09,45.8800000
05/08/09,46.0300000
06/08/09,46.7100000
07/08/09,46.0000000
10/08/09,47.5900000
11/08/09,48.0500000
12/08/09,46.1100000
13/08/09,48.7500000
14/08/09,48.1900000
17/08/09,45.2000000
18/08/09,45.6300000
19/08/09,45.7000000
20/08/09,47.0100000
21/08/09,46.4800000
24/08/09,49.5000000
25/08/09,48.2000000
26/08/09,48.9300000
27/08/09,47.8600000
28/08/09,48.3400000
31/08/09,47.5900000
01/09/09,47.8100000
02/09/09,48.2200000
03/09/09,49.5100000
04/09/09,53.5000000
07/09/09,54.5100000
08/09/09,55.4900000
09/09/09,58.1000000
10/09/09,58.4900000
11/09/09,57.2700000
14/09/09,58.0000000
15/09/09,59.2700000
16/09/09,62.1200000
17/09/09,62.7700000
18/09/09,58.2200000
21/09/09,57.9600000
22/09/09,56.3100000
23/09/09,58.8600000
24/09/09,59.3000000
25/09/09,58.0200000
28/09/09,58.9900000
29/09/09,60.7900000
30/09/09,60.6800000
01/10/09,60.4900000
02/10/09,58.7000000
05/10/09,58.8700000
06/10/09,59.4700000
07/10/09,61.3100000
08/10/09,63.0100000
09/10/09,66.6300000
12/10/09,69.3300000
13/10/09,70.6200000
14/10/09,69.9000000
15/10/09,71.8000000
16/10/09,68.9500000
19/10/09,65.6600000
20/10/09,70.0800000
21/10/09,68.3000000
22/10/09,69.0400000
23/10/09,71.0000000
26/10/09,69.3000000
27/10/09,68.5100000
28/10/09,68.4700000
29/10/09,64.7000000
30/10/09,68.1000000
02/11/09,64.0600000
03/11/09,65.6200000
05/11/09,63.8000000
06/11/09,65.0100000
09/11/09,65.9000000
10/11/09,69.0000000
11/11/09,69.9300000
12/11/09,69.1900000
13/11/09,68.8000000
16/11/09,70.9300000
17/11/09,73.3800000
18/11/09,73.9800000
19/11/09,72.8800000
20/11/09,71.5900000
23/11/09,72.3700000
24/11/09,70.2600000
25/11/09,71.7100000
26/11/09,69.0200000
27/11/09,64.9800000
30/11/09,68.4100000
01/12/09,69.8900000
02/12/09,70.9900000
03/12/09,71.9900000
04/12/09,72.0200000
07/12/09,73.9900000
08/12/09,73.0300000
09/12/09,72.1300000
10/12/09,72.7800000
11/12/09,74.8000000
14/12/09,75.8100000
15/12/09,76.2100000
16/12/09,76.9800000
17/12/09,81.2800000
18/12/09,81.4900000
21/12/09,82.1300000
22/12/09,81.3100000
23/12/09,82.1200000
24/12/09,81.2800000
25/12/09,81.1800000
28/12/09,81.2100000
29/12/09,80.3800000
30/12/09,80.7900000
31/12/09,82.0600000
11/01/10,86.5600000
12/01/10,86.5500000
13/01/10,84.4000000
14/01/10,87.5000000
15/01/10,87.4700000
18/01/10,87.8600000
19/01/10,90.5200000
20/01/10,92.0200000
21/01/10,91.2600000
22/01/10,88.4600000
25/01/10,85.6800000
26/01/10,86.9900000
27/01/10,85.6100000
28/01/10,88.0100000
29/01/10,86.4500000
01/02/10,87.6100000
02/02/10,88.4000000
03/02/10,88.7100000
04/02/10,88.1100000
05/02/10,83.2000000
08/02/10,83.0000000
09/02/10,80.0000000
10/02/10,81.0000000
11/02/10,83.0100000
12/02/10,83.3700000
15/02/10,80.0300000
16/02/10,81.0300000
17/02/10,83.8500000
18/02/10,82.0000000
19/02/10,78.0400000
24/02/10,78.5900000
25/02/10,75.6200000
26/02/10,75.6500000
27/02/10,75.2000000
01/03/10,77.0000000
02/03/10,80.0700000
03/03/10,82.4100000
04/03/10,82.2500000
05/03/10,83.5900000
09/03/10,86.9800000
10/03/10,89.1500000
11/03/10,87.0100000
12/03/10,88.0400000
15/03/10,88.3000000
16/03/10,88.4200000
17/03/10,90.0000000
18/03/10,89.0400000
19/03/10,90.0700000
22/03/10,87.5100000
23/03/10,87.0300000
24/03/10,86.4800000
25/03/10,86.7300000
26/03/10,86.0000000
29/03/10,84.5000000
30/03/10,85.8600000
31/03/10,84.9000000
01/04/10,86.4100000
02/04/10,88.0000000
05/04/10,88.5100000
06/04/10,88.4800000
07/04/10,88.6100000
08/04/10,86.0000000
09/04/10,85.4700000
12/04/10,87.7500000
13/04/10,85.8300000
14/04/10,88.1100000
15/04/10,89.7100000
16/04/10,88.6700000
19/04/10,85.6000000
20/04/10,85.9600000
21/04/10,87.2000000
22/04/10,85.0100000
23/04/10,84.9900000
26/04/10,85.3800000
27/04/10,84.3300000
28/04/10,81.0000000
29/04/10,80.1300000
30/04/10,81.0100000
04/05/10,79.1900000
05/05/10,75.1700000
06/05/10,74.7900000
07/05/10,70.9600000
11/05/10,73.6000000
12/05/10,74.2900000
13/05/10,82.6800000
14/05/10,79.8100000
17/05/10,75.3000000
18/05/10,76.9900000
19/05/10,75.4900000
20/05/10,74.0100000
21/05/10,70.5000000
24/05/10,70.9900000
25/05/10,67.3800000
26/05/10,66.1700000
27/05/10,69.3600000
28/05/10,71.2100000
31/05/10,70.2900000
01/06/10,70.4300000
02/06/10,69.5300000
03/06/10,72.9800000
04/06/10,72.2600000
07/06/10,67.6500000
08/06/10,71.9800000
09/06/10,71.7400000
10/06/10,72.0800000
11/06/10,73.7600000
15/06/10,72.6500000
16/06/10,77.0000000
17/06/10,76.4800000
18/06/10,78.8900000
21/06/10,82.0100000
22/06/10,83.0000000
23/06/10,81.5900000
24/06/10,81.7300000
25/06/10,80.0700000
28/06/10,78.5400000
29/06/10,79.0000000
30/06/10,77.1100000
01/07/10,75.1000000
02/07/10,73.1900000
05/07/10,73.0600000
06/07/10,74.1600000
07/07/10,75.6600000
08/07/10,78.9100000
09/07/10,78.2000000
12/07/10,77.0000000
13/07/10,79.3900000
14/07/10,83.0100000
15/07/10,82.2200000
16/07/10,81.1300000
19/07/10,78.6500000
20/07/10,81.1700000
21/07/10,80.7100000
22/07/10,80.9900000
23/07/10,84.0000000
26/07/10,84.1100000
27/07/10,84.2200000
28/07/10,84.9000000
29/07/10,84.5100000
30/07/10,85.8900000
02/08/10,85.4000000
03/08/10,86.8500000
04/08/10,85.4400000
05/08/10,85.9100000
06/08/10,84.7900000
09/08/10,83.5000000
10/08/10,83.1000000
11/08/10,81.9500000
12/08/10,80.2800000
13/08/10,82.0100000
16/08/10,81.1600000
17/08/10,80.4000000
18/08/10,81.1600000
19/08/10,81.1500000
20/08/10,79.3900000
23/08/10,78.4900000
24/08/10,77.4000000
25/08/10,75.2000000
26/08/10,74.9800000
27/08/10,76.0500000
30/08/10,78.0000000
31/08/10,76.0300000
01/09/10,78.5500000
02/09/10,80.4400000
03/09/10,80.7000000
06/09/10,82.1100000
07/09/10,81.3900000
08/09/10,79.6600000
09/09/10,82.0500000
10/09/10,83.3700000
13/09/10,84.5500000
14/09/10,84.2500000
15/09/10,84.2300000
16/09/10,84.0000000
17/09/10,83.7200000
20/09/10,82.5000000
21/09/10,83.5100000
22/09/10,83.8700000
23/09/10,82.8500000
24/09/10,83.8900000
27/09/10,85.2600000
28/09/10,83.2600000
29/09/10,83.4600000
30/09/10,83.6900000
01/10/10,85.9400000
04/10/10,89.3000000
05/10/10,89.8000000
06/10/10,92.5200000
07/10/10,91.4100000
08/10/10,90.2200000
11/10/10,90.9800000
12/10/10,90.8900000
13/10/10,91.6200000
14/10/10,91.8000000
15/10/10,91.2100000
18/10/10,92.0000000
19/10/10,95.0800000
20/10/10,94.9600000
21/10/10,97.8700000
22/10/10,103.4000000
25/10/10,103.5000000
26/10/10,102.0000000
27/10/10,101.2000000
28/10/10,100.4000000
29/10/10,99.0700000
01/11/10,102.3400000
02/11/10,102.1000000
03/11/10,102.5900000
08/11/10,105.5800000
09/11/10,103.7500000
10/11/10,102.9700000
11/11/10,101.3800000
12/11/10,97.1100000
13/11/10,97.3600000
15/11/10,98.1500000
16/11/10,98.2300000
17/11/10,94.8000000
18/11/10,98.2100000
19/11/10,99.7600000
22/11/10,99.7300000
23/11/10,98.3100000
24/11/10,98.9500000
25/11/10,101.4100000
26/11/10,102.0000000
29/11/10,102.2600000
30/11/10,101.0100000
01/12/10,102.1200000
02/12/10,103.9900000
03/12/10,103.7500000
06/12/10,103.4200000
07/12/10,106.0100000
08/12/10,106.5500000
09/12/10,106.0100000
10/12/10,104.8700000
13/12/10,105.8000000
14/12/10,107.1700000
15/12/10,106.9900000
16/12/10,107.0000000
17/12/10,106.8100000
20/12/10,105.4900000
21/12/10,106.1700000
22/12/10,106.9500000
23/12/10,107.0100000
24/12/10,107.0700000
27/12/10,106.2500000
28/12/10,105.3600000
29/12/10,104.8300000
30/12/10,104.3800000
11/01/11,104.9900000
12/01/11,104.4100000
13/01/11,107.3400000
14/01/11,107.1400000
17/01/11,107.3200000
18/01/11,109.5900000
19/01/11,108.9000000
20/01/11,106.8600000
21/01/11,105.5100000
24/01/11,106.0200000
25/01/11,104.4100000
26/01/11,106.5500000
27/01/11,108.9900000
28/01/11,107.3600000
31/01/11,105.7900000
01/02/11,106.4500000
02/02/11,107.0100000
03/02/11,104.4500000
04/02/11,104.3600000
07/02/11,103.3600000
08/02/11,103.1000000
09/02/11,101.6100000
10/02/11,99.8000000
11/02/11,96.4300000
14/02/11,102.0000000
15/02/11,101.4800000
16/02/11,100.0000000
17/02/11,101.6500000
18/02/11,101.2000000
21/02/11,100.8500000
22/02/11,99.5000000
24/02/11,97.2500000
25/02/11,98.1900000
28/02/11,100.8300000
01/03/11,102.5100000
02/03/11,98.9900000
03/03/11,100.2100000
04/03/11,102.4300000
05/03/11,100.4600000
09/03/11,101.8500000
10/03/11,101.9900000
11/03/11,98.9900000
14/03/11,97.9600000
15/03/11,95.2500000
16/03/11,96.0300000
17/03/11,94.9900000
18/03/11,99.0000000
21/03/11,100.9200000
22/03/11,100.7000000
23/03/11,99.9700000
24/03/11,101.4700000
25/03/11,105.3700000
28/03/11,106.4900000
29/03/11,106.0900000
30/03/11,107.1500000
31/03/11,107.0400000
01/04/11,106.7300000
04/04/11,108.8100000
05/04/11,108.5000000
06/04/11,107.1000000
07/04/11,107.6000000
08/04/11,107.5900000
11/04/11,109.0000000
12/04/11,106.9900000
13/04/11,105.5600000
14/04/11,105.8400000
15/04/11,106.4200000
18/04/11,105.2800000
19/04/11,100.6000000
20/04/11,102.6400000
21/04/11,103.7700000
22/04/11,102.7800000
25/04/11,104.3600000
26/04/11,101.2200000
27/04/11,102.1600000
28/04/11,101.8700000
29/04/11,100.7600000
03/05/11,99.9000000
04/05/11,97.5200000
05/05/11,97.2000000
06/05/11,95.4100000
10/05/11,97.7700000
11/05/11,98.0100000
12/05/11,95.8800000
13/05/11,97.5000000
16/05/11,97.0500000
17/05/11,98.1200000
18/05/11,97.1900000
19/05/11,97.9000000
20/05/11,96.6000000
23/05/11,92.9900000
24/05/11,92.0500000
25/05/11,92.5800000
26/05/11,95.9500000
27/05/11,96.2000000
30/05/11,96.9500000
31/05/11,98.1000000
01/06/11,98.0000000
02/06/11,95.7200000
03/06/11,96.9300000
06/06/11,95.1100000
07/06/11,95.7500000
08/06/11,96.0500000
09/06/11,96.3900000
10/06/11,98.7500000
14/06/11,98.2000000
15/06/11,97.6100000
16/06/11,96.7500000
17/06/11,96.5600000
20/06/11,94.8000000
21/06/11,95.2900000
22/06/11,96.1800000
23/06/11,94.8500000
24/06/11,95.3300000
27/06/11,96.6000000
28/06/11,96.8000000
29/06/11,99.2900000
30/06/11,99.5300000
01/07/11,100.0500000
04/07/11,104.9900000
05/07/11,104.7700000
06/07/11,104.5300000
07/07/11,104.9500000
08/07/11,107.4000000
11/07/11,104.8200000
12/07/11,101.4900000
13/07/11,103.0000000
14/07/11,102.9800000
15/07/11,103.8800000
18/07/11,105.1200000
19/07/11,101.7200000
20/07/11,103.2100000
21/07/11,102.2500000
22/07/11,103.5000000
25/07/11,100.7100000
26/07/11,102.8100000
27/07/11,102.1600000
28/07/11,101.1800000
29/07/11,101.9800000
01/08/11,103.1100000
02/08/11,102.4100000
03/08/11,101.3900000
04/08/11,100.1000000
05/08/11,95.0600000
08/08/11,93.1500000
09/08/11,87.1900000
10/08/11,93.3000000
11/08/11,87.0300000
12/08/11,84.9700000
15/08/11,86.7000000
16/08/11,87.4500000
17/08/11,86.6800000
18/08/11,85.8400000
19/08/11,79.9000000
22/08/11,77.1800000
23/08/11,79.7000000
24/08/11,77.7600000
25/08/11,78.5600000
26/08/11,79.5900000
29/08/11,79.3000000
30/08/11,82.0100000
31/08/11,82.9000000
01/09/11,84.7000000
02/09/11,83.8200000
05/09/11,81.4400000
06/09/11,79.4800000
07/09/11,81.7100000
08/09/11,84.0400000
09/09/11,84.8100000
12/09/11,81.4000000
13/09/11,80.9500000
14/09/11,79.4700000
15/09/11,81.0100000
16/09/11,81.7700000
19/09/11,80.8900000
20/09/11,80.0500000
21/09/11,81.5500000
22/09/11,79.8300000
23/09/11,72.9900000
26/09/11,68.9400000
27/09/11,71.5800000
28/09/11,71.7000000
29/09/11,70.3500000
30/09/11,74.3200000
03/10/11,68.3600000
04/10/11,67.1200000
05/10/11,64.9800000
06/10/11,63.8600000
07/10/11,66.7800000
10/10/11,68.7800000
11/10/11,70.6600000
12/10/11,69.7500000
13/10/11,73.7200000
14/10/11,75.6500000
17/10/11,81.6100000
18/10/11,78.5500000
19/10/11,79.1100000
20/10/11,79.1700000
21/10/11,81.5000000
24/10/11,83.2000000
25/10/11,84.3000000
26/10/11,81.5400000
27/10/11,85.2400000
28/10/11,86.4600000
31/10/11,84.4800000
01/11/11,80.7300000
02/11/11,77.7100000
03/11/11,77.5700000
07/11/11,81.0800000
08/11/11,82.4800000
09/11/11,85.0000000
10/11/11,77.5000000
11/11/11,81.9000000
14/11/11,81.9000000
15/11/11,79.9200000
16/11/11,79.6200000
17/11/11,79.7000000
18/11/11,78.9500000
21/11/11,79.0200000
22/11/11,76.3600000
23/11/11,75.0000000
24/11/11,76.7000000
25/11/11,75.3100000
28/11/11,80.0000000
29/11/11,83.5100000
30/11/11,82.1000000
01/12/11,88.6400000
02/12/11,88.1500000
05/12/11,89.5600000
06/12/11,89.0500000
07/12/11,86.8800000
08/12/11,85.5400000
09/12/11,84.1200000
12/12/11,83.5100000
13/12/11,79.8500000
14/12/11,81.9000000
15/12/11,79.9000000
16/12/11,82.7100000
19/12/11,80.1500000
20/12/11,81.4900000
21/12/11,83.4300000
22/12/11,81.2900000
23/12/11,80.6100000
26/12/11,80.4900000
27/12/11,81.3500000
28/12/11,79.9100000
29/12/11,79.0000000
30/12/11,79.0300000
03/01/12,80.1200000
04/01/12,82.4400000
05/01/12,83.5000000
06/01/12,82.5100000
09/01/12,82.5900000
10/01/12,84.3600000
11/01/12,86.2900000
12/01/12,85.2000000
13/01/12,84.6700000
16/01/12,83.0000000
17/01/12,84.8100000
18/01/12,84.7000000
19/01/12,85.4500000
20/01/12,85.9700000
23/01/12,84.9500000
24/01/12,84.8500000
25/01/12,85.5600000
26/01/12,88.0100000
27/01/12,89.6700000
30/01/12,90.1400000
31/01/12,89.7500000
01/02/12,89.7400000
02/02/12,93.1100000
03/02/12,92.5100000
06/02/12,94.7800000
07/02/12,94.0000000
08/02/12,94.2400000
09/02/12,95.0800000
10/02/12,94.5700000
13/02/12,94.6300000
14/02/12,95.7800000
15/02/12,97.3300000
16/02/12,96.0000000
17/02/12,97.2700000
20/02/12,97.6100000
21/02/12,97.7500000
22/02/12,96.8500000
24/02/12,96.8000000
27/02/12,98.5800000
28/02/12,100.1700000
29/02/12,99.1200000
01/03/12,99.4800000
02/03/12,100.7700000
05/03/12,101.7600000
06/03/12,101.7500000
07/03/12,97.0700000
11/03/12,99.6200000
12/03/12,99.1600000
13/03/12,99.7200000
14/03/12,101.8100000
15/03/12,102.8900000
16/03/12,100.9700000
19/03/12,100.9200000
20/03/12,99.8000000
21/03/12,98.8900000
22/03/12,97.9500000
23/03/12,96.3300000
26/03/12,98.0900000
27/03/12,100.4600000
28/03/12,97.4800000
29/03/12,95.7300000
30/03/12,94.9000000
02/04/12,95.4000000
03/04/12,96.0600000
04/04/12,97.0500000
05/04/12,96.5700000
06/04/12,97.4000000
09/04/12,95.3300000
10/04/12,95.7300000
11/04/12,94.8900000
12/04/12,96.3500000
13/04/12,94.1500000
16/04/12,93.5900000
17/04/12,92.4000000
18/04/12,93.9900000
19/04/12,93.0800000
20/04/12,93.9200000
23/04/12,94.5500000
24/04/12,92.5900000
25/04/12,93.1500000
26/04/12,94.0400000
27/04/12,92.3500000
28/04/12,93.7500000
02/05/12,94.4200000
03/05/12,93.3000000
04/05/12,92.1400000
05/05/12,90.5300000
07/05/12,89.0200000
08/05/12,89.0300000
10/05/12,89.7200000
11/05/12,90.9400000
12/05/12,90.5000000
14/05/12,90.4800000
15/05/12,87.5200000
16/05/12,86.9500000
17/05/12,87.0000000
18/05/12,78.9000000
21/05/12,78.9500000
22/05/12,82.7100000
23/05/12,81.3400000
24/05/12,79.5300000
25/05/12,81.1700000
28/05/12,80.8500000
29/05/12,80.9600000
30/05/12,83.4200000
31/05/12,82.3700000
01/06/12,81.6000000
04/06/12,77.4700000
05/06/12,78.8800000
06/06/12,78.9600000
07/06/12,81.1000000
08/06/12,82.2000000
09/06/12,81.9800000
13/06/12,82.0200000
14/06/12,82.7300000
15/06/12,83.6300000
18/06/12,85.2400000
19/06/12,85.9200000
20/06/12,86.9500000
21/06/12,84.9800000
22/06/12,84.2300000
25/06/12,83.7000000
26/06/12,82.4000000
27/06/12,83.9500000
28/06/12,84.9500000
29/06/12,84.0300000
02/07/12,86.1900000
03/07/12,87.9600000
04/07/12,90.7700000
05/07/12,90.5900000
06/07/12,90.4400000
09/07/12,88.9000000
10/07/12,89.5500000
11/07/12,90.5300000
12/07/12,89.7900000
13/07/12,89.9500000
16/07/12,91.0000000
17/07/12,91.4400000
18/07/12,91.4900000
19/07/12,92.1500000
20/07/12,91.6400000
23/07/12,89.2600000
24/07/12,86.8600000
25/07/12,83.9900000
26/07/12,87.0000000
27/07/12,89.1000000
30/07/12,90.5300000
31/07/12,91.5000000
01/08/12,89.5000000
02/08/12,89.3900000
03/08/12,88.7800000
06/08/12,91.9200000
07/08/12,92.9700000
08/08/12,93.5100000
09/08/12,94.3900000
10/08/12,93.3300000
13/08/12,93.1200000
14/08/12,93.4600000
15/08/12,93.1500000
16/08/12,93.5100000
17/08/12,93.3300000
20/08/12,92.2600000
21/08/12,91.9400000
22/08/12,92.8000000
23/08/12,93.3600000
24/08/12,92.4900000
27/08/12,93.4400000
28/08/12,92.6700000
29/08/12,94.4900000
30/08/12,94.3500000
31/08/12,93.6200000
03/09/12,93.2100000
04/09/12,94.1600000
05/09/12,92.8600000
06/09/12,93.1600000
07/09/12,94.3200000
10/09/12,93.5900000
11/09/12,93.7200000
12/09/12,94.2900000
13/09/12,93.4100000
14/09/12,95.0000000
17/09/12,96.3300000
18/09/12,95.0100000
19/09/12,94.9000000
20/09/12,93.1400000
21/09/12,94.4500000
24/09/12,93.8300000
25/09/12,94.3500000
26/09/12,93.0000000
27/09/12,91.4500000
28/09/12,90.9600000
01/10/12,90.6100000
02/10/12,91.9900000
03/10/12,91.5400000
04/10/12,92.3000000
05/10/12,92.0100000
08/10/12,92.7000000
09/10/12,92.9700000
10/10/12,92.2300000
11/10/12,91.8300000
12/10/12,92.4400000
15/10/12,91.5000000
16/10/12,92.0800000
17/10/12,92.2100000
18/10/12,93.2400000
19/10/12,93.5000000
22/10/12,92.7000000
23/10/12,93.8100000
24/10/12,94.0300000
25/10/12,93.3300000
26/10/12,92.1900000
29/10/12,91.6500000
30/10/12,91.2600000
31/10/12,91.3200000
01/11/12,91.6000000
02/11/12,91.9800000
06/11/12,91.8000000
07/11/12,91.7300000
08/11/12,89.2500000
09/11/12,85.9500000
12/11/12,86.0300000
13/11/12,86.3400000
14/11/12,85.0200000
15/11/12,84.0000000
16/11/12,85.8200000
19/11/12,86.6100000
20/11/12,87.4600000
21/11/12,86.5000000
22/11/12,88.0100000
23/11/12,88.2700000
26/11/12,89.4100000
27/11/12,89.6300000
28/11/12,88.7500000
29/11/12,88.8100000
30/11/12,87.7700000
03/12/12,91.4500000
04/12/12,92.1600000
05/12/12,92.2500000
06/12/12,93.6800000
07/12/12,93.7500000
10/12/12,93.4100000
11/12/12,93.5700000
12/12/12,93.7600000
13/12/12,93.6600000
14/12/12,93.2700000
17/12/12,93.5600000
18/12/12,94.0000000
19/12/12,95.3800000
20/12/12,94.0100000
21/12/12,93.6500000
24/12/12,93.1600000
25/12/12,92.6500000
26/12/12,92.4000000
27/12/12,92.4500000
28/12/12,92.8900000
08/01/13,96.5000000
09/01/13,98.4100000
10/01/13,98.3500000
11/01/13,98.8000000
14/01/13,99.7200000
15/01/13,100.7000000
16/01/13,99.9300000
17/01/13,99.9000000
18/01/13,101.5100000
21/01/13,103.5500000
22/01/13,103.7000000
23/01/13,102.7300000
24/01/13,103.0600000
25/01/13,102.4000000
28/01/13,103.9600000
29/01/13,107.2000000
30/01/13,107.1800000
31/01/13,107.5000000
01/02/13,109.5700000
04/02/13,108.7700000
05/02/13,106.8000000
06/02/13,108.2600000
07/02/13,106.7300000
08/02/13,105.9800000
11/02/13,107.0100000
12/02/13,106.5800000
13/02/13,109.1700000
14/02/13,108.6600000
15/02/13,107.8200000
18/02/13,105.1500000
19/02/13,106.1400000
20/02/13,108.8800000
21/02/13,106.3100000
22/02/13,107.0600000
25/02/13,106.3500000
26/02/13,105.3400000
27/02/13,104.4100000
28/02/13,104.3000000
01/03/13,104.0000000
04/03/13,102.8000000
05/03/13,103.6600000
06/03/13,104.4100000
07/03/13,105.3500000
11/03/13,106.1300000
12/03/13,106.8800000
13/03/13,105.7500000
14/03/13,104.4300000
15/03/13,105.6400000
18/03/13,102.5000000
19/03/13,100.4000000
20/03/13,99.7200000
21/03/13,102.7900000
22/03/13,101.0700000
25/03/13,100.4500000
26/03/13,98.7900000
27/03/13,97.9700000
28/03/13,96.3900000
29/03/13,98.9800000
01/04/13,98.2300000
02/04/13,98.0500000
03/04/13,99.1000000
04/04/13,98.8800000
05/04/13,100.0200000
08/04/13,99.7700000
09/04/13,101.1500000
10/04/13,102.9000000
11/04/13,103.6200000
12/04/13,99.9700000
15/04/13,97.3700000
16/04/13,95.0000000
17/04/13,96.0900000
18/04/13,94.4500000
19/04/13,96.2200000
22/04/13,97.0700000
23/04/13,94.9900000
24/04/13,96.8700000
25/04/13,98.1300000
26/04/13,96.0900000
29/04/13,95.6000000
30/04/13,95.0000000
02/05/13,98.1000000
03/05/13,101.3100000
06/05/13,103.3500000
07/05/13,102.2000000
08/05/13,105.0800000
10/05/13,105.3500000
13/05/13,103.5200000
14/05/13,103.1000000
15/05/13,104.5100000
16/05/13,103.3600000
17/05/13,102.5000000
20/05/13,105.6000000
21/05/13,106.5500000
22/05/13,108.8500000
23/05/13,108.8400000
24/05/13,106.0000000
27/05/13,103.4400000
28/05/13,103.2000000
29/05/13,103.4400000
30/05/13,100.0400000
31/05/13,100.5000000
03/06/13,97.7900000
04/06/13,99.7300000
05/06/13,98.2100000
06/06/13,97.2500000
07/06/13,97.6400000
10/06/13,99.8000000
11/06/13,97.5000000
13/06/13,92.8000000
14/06/13,92.8700000
17/06/13,94.0600000
18/06/13,95.2700000
19/06/13,96.2000000
20/06/13,92.8700000
21/06/13,90.9000000
24/06/13,90.5200000
25/06/13,88.9100000
26/06/13,89.9900000
27/06/13,93.0500000
28/06/13,93.8900000
01/07/13,93.8400000
02/07/13,95.2300000
03/07/13,94.0300000
04/07/13,93.5100000
05/07/13,94.4700000
08/07/13,93.0000000
09/07/13,93.3300000
10/07/13,92.4200000
11/07/13,92.0600000
12/07/13,95.4500000
15/07/13,98.8000000
16/07/13,99.9000000
17/07/13,99.3400000
18/07/13,101.0000000
19/07/13,98.1000000
22/07/13,100.0000000
23/07/13,98.4000000
24/07/13,96.9500000
25/07/13,96.2000000
26/07/13,96.3500000
29/07/13,94.7600000
30/07/13,94.5000000
31/07/13,94.1100000
01/08/13,95.9200000
02/08/13,97.3800000
05/08/13,96.9000000
06/08/13,95.8100000
07/08/13,94.3800000
08/08/13,94.8500000
09/08/13,94.4900000
12/08/13,95.7000000
13/08/13,96.4700000
14/08/13,97.5000000
15/08/13,97.6300000
16/08/13,95.7700000
19/08/13,93.9200000
20/08/13,92.9200000
21/08/13,91.8500000
22/08/13,89.9900000
23/08/13,92.3100000
26/08/13,92.4000000
27/08/13,90.6100000
28/08/13,89.7200000
29/08/13,89.7100000
30/08/13,90.0000000
02/09/13,88.9200000
03/09/13,89.9000000
04/09/13,90.0600000
05/09/13,90.8100000
06/09/13,92.7300000
09/09/13,93.0200000
10/09/13,95.4800000
11/09/13,96.4400000
12/09/13,95.9500000
13/09/13,94.9300000
16/09/13,96.7500000
17/09/13,98.3900000
18/09/13,99.5600000
19/09/13,102.5000000
20/09/13,101.7700000
23/09/13,102.1300000
24/09/13,101.3200000
25/09/13,100.4000000
26/09/13,102.0600000
27/09/13,101.7900000
30/09/13,97.7700000
01/10/13,97.8000000
02/10/13,98.9900000
03/10/13,98.1400000
04/10/13,98.0000000
07/10/13,99.7000000
08/10/13,100.3000000
09/10/13,101.7900000
10/10/13,101.8700000
11/10/13,103.9900000
14/10/13,102.3900000
15/10/13,103.9000000
16/10/13,104.0500000
17/10/13,104.2000000
18/10/13,103.9100000
21/10/13,105.4400000
22/10/13,105.2600000
23/10/13,104.8800000
24/10/13,103.5100000
25/10/13,102.6800000
28/10/13,103.6000000
29/10/13,102.7500000
30/10/13,103.1300000
31/10/13,102.5700000
01/11/13,102.7200000
05/11/13,104.0600000
06/11/13,102.9000000
07/11/13,102.3700000
08/11/13,102.4100000
11/11/13,102.5100000
12/11/13,101.9600000
13/11/13,103.8200000
14/11/13,102.8200000
15/11/13,104.3000000
18/11/13,103.9800000
19/11/13,105.4000000
20/11/13,105.8900000
21/11/13,105.3000000
22/11/13,105.2300000
25/11/13,105.5100000
26/11/13,105.3400000
27/11/13,103.5200000
28/11/13,103.3000000
29/11/13,102.6200000
02/12/13,103.0900000
03/12/13,102.1900000
04/12/13,100.3400000
05/12/13,99.2500000
06/12/13,98.4700000
09/12/13,100.2900000
10/12/13,100.9300000
11/12/13,99.9100000
12/12/13,99.4800000
13/12/13,98.9500000
16/12/13,98.3800000
17/12/13,100.1800000
18/12/13,100.1500000
19/12/13,101.2300000
20/12/13,101.8500000
23/12/13,102.4500000
24/12/13,102.5100000
25/12/13,102.2000000
26/12/13,101.6100000
27/12/13,102.0900000
30/12/13,100.5100000
06/01/14,100.2000000
08/01/14,99.1000000
09/01/14,98.2400000
10/01/14,97.8500000
13/01/14,99.3000000
14/01/14,99.1500000
15/01/14,99.8000000
16/01/14,100.9000000
17/01/14,100.3600000
20/01/14,100.9800000
21/01/14,102.5100000
22/01/14,102.2200000
23/01/14,101.8400000
24/01/14,100.9800000
27/01/14,98.6300000
28/01/14,98.2100000
29/01/14,97.9100000
30/01/14,96.1700000
31/01/14,95.8100000
03/02/14,94.9400000
04/02/14,93.5300000
05/02/14,94.3100000
06/02/14,95.7900000
07/02/14,97.0000000
10/02/14,96.9300000
11/02/14,95.9300000
12/02/14,96.8800000
13/02/14,96.3500000
14/02/14,95.8100000
17/02/14,97.1100000
18/02/14,97.5000000
19/02/14,96.5100000
20/02/14,94.1400000
21/02/14,95.0300000
24/02/14,95.0000000
25/02/14,95.2400000
26/02/14,94.3000000
27/02/14,92.5000000
28/02/14,90.1600000
03/03/14,85.4300000
04/03/14,78.5000000
05/03/14,82.3800000
06/03/14,81.6700000
07/03/14,80.0000000
11/03/14,79.1000000
12/03/14,75.9500000
13/03/14,73.5000000
14/03/14,68.0000000
17/03/14,72.5200000
18/03/14,77.5900000
19/03/14,81.5800000
20/03/14,79.5300000
21/03/14,77.1800000
24/03/14,78.4700000
25/03/14,78.7900000
26/03/14,82.0900000
27/03/14,82.1700000
28/03/14,80.4100000
31/03/14,81.3800000
01/04/14,84.0200000
02/04/14,83.9900000
03/04/14,82.8700000
04/04/14,81.9200000
07/04/14,81.8700000
08/04/14,79.8300000
09/04/14,79.8100000
10/04/14,79.2300000
11/04/14,78.7100000
14/04/14,79.1100000
15/04/14,78.0000000
16/04/14,75.9500000
17/04/14,75.9900000
18/04/14,78.3800000
21/04/14,78.7900000
22/04/14,77.4700000
23/04/14,76.1700000
24/04/14,75.8600000
25/04/14,73.0500000
28/04/14,68.9700000
29/04/14,74.1900000
30/04/14,72.5200000
02/05/14,71.9900000
05/05/14,71.3500000
06/05/14,72.3300000
07/05/14,73.2400000
08/05/14,78.8800000
12/05/14,78.8000000
13/05/14,79.6500000
14/05/14,80.2600000
15/05/14,81.1800000
16/05/14,79.4000000
19/05/14,79.3000000
20/05/14,82.0200000
21/05/14,81.9800000
22/05/14,84.0100000
23/05/14,83.1900000
26/05/14,85.9500000
27/05/14,86.8800000
28/05/14,84.6000000
29/05/14,85.3000000
30/05/14,85.6700000
02/06/14,84.8000000
03/06/14,85.3000000
04/06/14,86.4800000
05/06/14,87.9400000
06/06/14,87.7600000
09/06/14,89.2100000
10/06/14,88.8800000
11/06/14,89.0100000
16/06/14,84.4800000
17/06/14,84.9500000
18/06/14,84.1300000
19/06/14,84.5600000
20/06/14,84.8000000
23/06/14,84.2300000
24/06/14,84.0500000
25/06/14,86.0300000
26/06/14,84.8600000
27/06/14,84.1600000
30/06/14,84.4500000
01/07/14,84.4500000
02/07/14,84.3100000
03/07/14,85.9400000
04/07/14,85.5100000
07/07/14,84.1500000
08/07/14,85.3300000
09/07/14,84.9000000
10/07/14,85.6100000
11/07/14,84.5100000
14/07/14,84.6500000
15/07/14,83.8000000
16/07/14,83.0500000
17/07/14,82.0000000
18/07/14,79.8000000
21/07/14,80.3200000
22/07/14,77.3100000
23/07/14,78.3800000
24/07/14,76.9900000
25/07/14,76.7600000
28/07/14,74.5700000
29/07/14,72.4900000
30/07/14,72.6900000
31/07/14,73.8000000
01/08/14,72.8800000
04/08/14,72.7800000
05/08/14,72.9900000
06/08/14,71.2400000
07/08/14,68.4200000
08/08/14,67.9200000
11/08/14,72.0100000
12/08/14,74.1000000
13/08/14,73.1000000
14/08/14,74.9400000
15/08/14,75.0100000
18/08/14,75.1800000
19/08/14,75.6000000
20/08/14,75.9900000
21/08/14,76.8500000
22/08/14,78.4900000
25/08/14,78.5300000
26/08/14,78.6000000
27/08/14,77.8800000
28/08/14,77.7600000
29/08/14,74.4900000
01/09/14,73.5000000
02/09/14,73.6200000
03/09/14,74.1700000
04/09/14,78.6000000
05/09/14,78.7800000
08/09/14,80.2500000
09/09/14,78.8600000
10/09/14,78.8700000
11/09/14,79.0600000
12/09/14,76.0100000
15/09/14,76.3500000
16/09/14,75.8500000
17/09/14,77.5000000
18/09/14,78.6600000
19/09/14,78.2500000
22/09/14,77.2000000
23/09/14,76.3400000
24/09/14,77.9200000
25/09/14,79.6000000
26/09/14,77.5700000
29/09/14,77.9600000
30/09/14,77.0600000
01/10/14,75.1800000
02/10/14,74.0700000
03/10/14,73.7500000
06/10/14,74.3700000
07/10/14,76.3300000
08/10/14,74.8300000
09/10/14,75.0500000
10/10/14,72.6200000
13/10/14,72.7900000
14/10/14,74.1500000
15/10/14,74.3200000
16/10/14,73.2400000
17/10/14,71.8100000
20/10/14,73.4000000
21/10/14,72.0000000
22/10/14,73.0000000
23/10/14,71.4700000
24/10/14,71.3500000
27/10/14,73.2100000
28/10/14,73.1200000
29/10/14,74.1100000
30/10/14,73.6900000
31/10/14,75.4400000
03/11/14,76.0800000
05/11/14,75.8100000
06/11/14,75.7500000
07/11/14,75.1900000
10/11/14,76.3600000
11/11/14,77.8000000
12/11/14,77.3700000
13/11/14,76.3200000
14/11/14,73.7900000
17/11/14,73.7700000
18/11/14,74.3900000
19/11/14,75.2500000
20/11/14,73.9600000
21/11/14,73.9600000
24/11/14,74.8600000
25/11/14,74.4500000
26/11/14,73.7700000
27/11/14,73.6500000
28/11/14,72.8800000
01/12/14,71.8900000
02/12/14,74.0600000
03/12/14,71.8700000
04/12/14,72.2100000
05/12/14,70.9500000
08/12/14,69.1500000
09/12/14,64.7600000
10/12/14,66.5900000
11/12/14,67.8700000
12/12/14,65.3900000
15/12/14,64.0000000
16/12/14,59.5000000
17/12/14,54.0400000
18/12/14,61.5200000
19/12/14,61.8300000
22/12/14,63.1500000
23/12/14,59.0900000
24/12/14,53.6100000
25/12/14,55.0300000
26/12/14,59.0200000
29/12/14,57.0100000
30/12/14,53.0500000
05/01/15,54.0300000
06/01/15,56.0000000
08/01/15,58.9000000
09/01/15,65.8000000
12/01/15,62.2200000
13/01/15,62.3200000
14/01/15,59.6700000
15/01/15,61.1700000
16/01/15,61.8000000
19/01/15,61.5900000
20/01/15,61.8300000
21/01/15,61.0800000
22/01/15,63.0300000
23/01/15,64.9900000
26/01/15,63.7500000
27/01/15,58.1900000
28/01/15,61.8200000
29/01/15,60.3600000
30/01/15,61.2600000
02/02/15,62.0000000
03/02/15,62.0000000
04/02/15,62.5100000
05/02/15,60.5700000
06/02/15,62.8100000
09/02/15,64.3000000
10/02/15,65.4100000
11/02/15,66.1200000
12/02/15,66.0500000
13/02/15,68.0000000
16/02/15,70.7200000
17/02/15,70.1500000
18/02/15,73.3500000
19/02/15,76.0000000
20/02/15,74.4200000
24/02/15,71.9700000
25/02/15,73.8100000
26/02/15,75.0100000
27/02/15,75.7200000
02/03/15,76.3400000
03/03/15,76.0400000
04/03/15,75.3500000
05/03/15,72.9000000
06/03/15,73.0300000
10/03/15,72.4900000
11/03/15,69.8100000
12/03/15,71.1300000
13/03/15,71.0000000
16/03/15,67.5200000
17/03/15,66.0600000
18/03/15,64.9100000
19/03/15,66.4600000
20/03/15,64.9500000
23/03/15,67.5300000
24/03/15,65.0000000
25/03/15,65.7500000
26/03/15,65.4200000
27/03/15,63.0300000
30/03/15,60.8700000
31/03/15,63.0000000
01/04/15,62.4400000
02/04/15,64.6000000
03/04/15,65.9000000
06/04/15,65.6500000
07/04/15,68.8300000
08/04/15,69.4400000
09/04/15,69.0500000
10/04/15,72.1600000
13/04/15,71.8500000
14/04/15,74.1100000
15/04/15,74.1500000
16/04/15,76.9500000
17/04/15,76.6300000
20/04/15,72.5000000
21/04/15,73.6200000
22/04/15,75.1900000
23/04/15,73.9800000
24/04/15,75.7500000
27/04/15,76.0000000
28/04/15,74.7900000
29/04/15,75.6200000
30/04/15,75.2000000
05/05/15,77.2100000
06/05/15,80.3700000
07/05/15,78.8700000
08/05/15,76.3000000
12/05/15,75.4300000
13/05/15,75.4200000
14/05/15,75.0700000
15/05/15,74.5200000
18/05/15,75.4500000
19/05/15,75.3300000
20/05/15,73.2700000
21/05/15,71.7300000
22/05/15,73.3300000
25/05/15,74.3900000
26/05/15,74.6700000
27/05/15,74.4500000
28/05/15,74.0800000
29/05/15,73.7000000
01/06/15,73.6900000
02/06/15,72.8900000
03/06/15,74.1800000
04/06/15,71.6900000
05/06/15,71.1700000
08/06/15,70.8100000
09/06/15,69.2500000
10/06/15,70.5200000
11/06/15,71.1400000
15/06/15,72.0200000
16/06/15,71.6000000
17/06/15,73.4700000
18/06/15,73.1500000
19/06/15,73.1700000
22/06/15,72.0500000
23/06/15,72.2100000
24/06/15,72.1400000
25/06/15,71.9100000
26/06/15,71.3900000
29/06/15,69.1800000
30/06/15,70.2100000
01/07/15,72.2900000
02/07/15,71.0000000
03/07/15,70.5400000
06/07/15,69.9300000
07/07/15,68.4500000
08/07/15,68.5200000
09/07/15,68.1500000
10/07/15,69.6000000
13/07/15,70.7800000
14/07/15,72.8000000
15/07/15,73.7900000
16/07/15,73.9900000
17/07/15,74.1800000
20/07/15,75.4000000
21/07/15,73.9900000
22/07/15,75.2600000
23/07/15,74.6500000
24/07/15,72.5000000
27/07/15,70.4000000
28/07/15,68.2000000
29/07/15,69.8700000
30/07/15,71.3700000
31/07/15,71.9600000
03/08/15,71.5100000
04/08/15,70.8000000
05/08/15,72.6000000
06/08/15,73.2100000
07/08/15,72.7200000
10/08/15,74.2000000
11/08/15,75.1500000
12/08/15,72.9800000
13/08/15,73.8100000
14/08/15,73.6500000
17/08/15,73.9900000
18/08/15,72.7200000
19/08/15,72.3100000
20/08/15,71.0800000
21/08/15,71.0800000
24/08/15,68.0500000
25/08/15,68.6100000
26/08/15,70.6400000
27/08/15,71.9000000
28/08/15,74.4600000
31/08/15,74.3200000
01/09/15,74.3800000
02/09/15,72.9600000
03/09/15,73.5000000
04/09/15,73.7200000
07/09/15,73.6900000
08/09/15,74.1000000
09/09/15,75.6000000
10/09/15,74.0400000
11/09/15,74.2800000
14/09/15,73.8900000
15/09/15,74.9300000
16/09/15,75.1200000
17/09/15,77.5700000
18/09/15,76.7100000
21/09/15,75.6000000
22/09/15,76.0700000
23/09/15,74.4000000
24/09/15,73.9400000
25/09/15,73.7900000
28/09/15,74.9700000
29/09/15,74.1800000
30/09/15,75.6600000
01/10/15,76.0000000
02/10/15,74.6000000
05/10/15,74.5500000
06/10/15,76.2500000
07/10/15,78.3100000
08/10/15,79.1600000
09/10/15,83.8700000
12/10/15,85.8100000
13/10/15,84.8300000
14/10/15,84.5000000
15/10/15,86.9900000
16/10/15,88.5600000
19/10/15,88.4800000
20/10/15,86.9700000
21/10/15,87.9900000
22/10/15,86.6700000
23/10/15,87.2300000
26/10/15,90.8700000
27/10/15,91.9000000
28/10/15,89.0500000
29/10/15,89.7300000
30/10/15,88.7500000
02/11/15,90.2500000
03/11/15,93.8600000
05/11/15,96.0000000
06/11/15,95.5000000
09/11/15,94.4900000
10/11/15,92.7600000
11/11/15,94.2000000
12/11/15,93.4300000
13/11/15,93.4200000
16/11/15,93.0900000
17/11/15,96.5200000
18/11/15,102.7800000
19/11/15,104.6300000
20/11/15,104.3400000
23/11/15,106.8500000
24/11/15,109.8300000
25/11/15,106.2100000
26/11/15,108.7800000
27/11/15,105.7400000
30/11/15,103.9000000
01/12/15,103.5100000
02/12/15,101.4900000
03/12/15,101.9100000
04/12/15,103.7000000
07/12/15,103.4500000
08/12/15,102.8100000
09/12/15,97.4800000
10/12/15,100.2500000
11/12/15,99.8800000
14/12/15,97.6000000
15/12/15,98.3600000
16/12/15,100.2600000
17/12/15,102.8500000
18/12/15,103.0500000
21/12/15,98.9400000
22/12/15,99.5000000
23/12/15,100.1500000
24/12/15,103.7000000
25/12/15,101.8300000
28/12/15,101.2500000
29/12/15,100.4200000
30/12/15,101.6700000
04/01/16,101.0000000
05/01/16,97.9400000
06/01/16,98.7200000
11/01/16,93.7000000
12/01/16,89.5000000
13/01/16,92.7000000
14/01/16,90.9800000
15/01/16,92.4300000
18/01/16,86.3000000
19/01/16,87.3200000
20/01/16,84.9000000
21/01/16,84.2400000
22/01/16,88.9700000
25/01/16,92.5500000
26/01/16,89.1100000
27/01/16,91.9800000
28/01/16,95.7800000
29/01/16,97.4800000
01/02/16,96.3500000
02/02/16,95.6700000
03/02/16,93.9100000
04/02/16,98.4800000
05/02/16,97.0100000
08/02/16,97.0500000
09/02/16,93.9800000
10/02/16,93.5000000
11/02/16,95.7100000
12/02/16,95.1400000
15/02/16,96.0100000
16/02/16,95.9500000
17/02/16,96.5100000
18/02/16,99.8800000
19/02/16,101.9800000
20/02/16,101.6400000
22/02/16,102.5800000
24/02/16,101.9900000
25/02/16,102.6500000
26/02/16,105.0100000
29/02/16,105.5700000
01/03/16,107.5000000
02/03/16,109.0100000
03/03/16,106.7000000
04/03/16,107.5700000
07/03/16,109.6300000
09/03/16,108.9800000
10/03/16,108.2800000
11/03/16,109.2000000
14/03/16,109.2900000
15/03/16,109.5800000
16/03/16,107.2000000
17/03/16,107.7000000
18/03/16,109.5900000
21/03/16,111.5000000
22/03/16,112.2800000
23/03/16,111.2700000
24/03/16,108.5800000
25/03/16,108.6300000
28/03/16,109.9900000
29/03/16,107.9100000
30/03/16,107.9600000
31/03/16,108.7200000
01/04/16,109.3200000
04/04/16,108.2200000
05/04/16,107.2300000
06/04/16,107.6400000
07/04/16,108.9800000
08/04/16,108.8600000
11/04/16,112.9600000
12/04/16,117.2700000
13/04/16,118.1000000
14/04/16,119.0400000
15/04/16,118.9900000
18/04/16,117.1200000
19/04/16,118.8300000
20/04/16,120.6900000
21/04/16,124.9900000
22/04/16,119.6400000
25/04/16,121.0000000
26/04/16,119.9700000
27/04/16,120.2400000
28/04/16,121.3200000
29/04/16,124.4400000
04/05/16,121.5000000
05/05/16,121.2800000
06/05/16,120.3100000
10/05/16,119.8000000
11/05/16,120.0600000
12/05/16,123.4500000
13/05/16,121.4000000
16/05/16,122.1000000
17/05/16,122.8800000
18/05/16,122.4900000
19/05/16,121.9900000
20/05/16,121.7900000
23/05/16,121.3000000
24/05/16,121.4200000
25/05/16,124.4500000
26/05/16,128.5500000
27/05/16,131.6200000
30/05/16,133.5500000
31/05/16,134.7900000
01/06/16,132.3600000
02/06/16,131.6000000
03/06/16,133.0800000
06/06/16,132.1000000
07/06/16,134.5100000
08/06/16,141.1200000
09/06/16,139.8900000
10/06/16,137.7800000
14/06/16,131.2100000
15/06/16,126.9000000
16/06/16,129.0000000
17/06/16,128.6000000
20/06/16,132.4500000
21/06/16,132.1000000
22/06/16,134.6400000
23/06/16,134.4200000
24/06/16,131.5000000
27/06/16,133.9000000
28/06/16,127.8500000
29/06/16,130.6400000
30/06/16,133.6500000
01/07/16,133.3300000
04/07/16,134.6500000
05/07/16,133.9000000
06/07/16,131.5100000
07/07/16,130.5000000
08/07/16,130.6300000
11/07/16,134.8000000
12/07/16,137.5500000
13/07/16,140.2900000
14/07/16,140.0100000
15/07/16,139.3800000
18/07/16,138.3800000
19/07/16,139.7500000
20/07/16,139.5500000
21/07/16,139.3400000
22/07/16,137.8600000
25/07/16,138.2500000
26/07/16,136.2000000
27/07/16,136.1000000
28/07/16,137.0500000
29/07/16,136.6000000
01/08/16,140.0000000
02/08/16,138.4500000
03/08/16,134.7300000
04/08/16,136.4700000
05/08/16,137.4900000
08/08/16,139.0200000
09/08/16,139.2000000
10/08/16,139.2000000
11/08/16,138.1600000
12/08/16,140.2000000
15/08/16,140.2500000
16/08/16,139.5100000
17/08/16,138.2100000
18/08/16,138.7200000
19/08/16,137.7000000
22/08/16,135.2000000
23/08/16,136.9500000
24/08/16,139.7000000
25/08/16,139.9900000
26/08/16,143.2400000
29/08/16,144.4500000
30/08/16,143.5800000
31/08/16,143.1800000
01/09/16,143.8800000
02/09/16,144.4500000
05/09/16,147.5100000
06/09/16,149.7100000
07/09/16,150.9500000
08/09/16,155.2500000
09/09/16,152.8000000
12/09/16,149.7300000
13/09/16,151.5000000
14/09/16,149.9000000
15/09/16,150.5400000
16/09/16,149.3100000
19/09/16,148.7900000
20/09/16,148.1200000
21/09/16,149.8500000
22/09/16,152.5100000
23/09/16,153.7600000
26/09/16,149.9000000
27/09/16,149.5900000
28/09/16,148.1200000
29/09/16,150.2000000
30/09/16,146.9900000
03/10/16,146.0000000
04/10/16,148.9300000
05/10/16,148.1400000
06/10/16,148.0400000
07/10/16,149.5800000
10/10/16,149.3000000
11/10/16,150.9000000
12/10/16,151.2000000
13/10/16,148.6400000
14/10/16,146.6500000
17/10/16,146.5200000
18/10/16,147.4700000
19/10/16,148.3900000
20/10/16,148.8300000
21/10/16,148.0300000
24/10/16,149.2300000
25/10/16,149.7400000
26/10/16,151.2100000
27/10/16,150.6000000
28/10/16,149.3300000
31/10/16,148.9400000
01/11/16,147.9000000
02/11/16,144.6600000
03/11/16,142.7900000
07/11/16,143.6200000
08/11/16,144.2400000
09/11/16,143.0100000
10/11/16,151.8900000
11/11/16,152.9900000
14/11/16,152.4800000
15/11/16,151.0000000
16/11/16,150.9200000
17/11/16,149.9300000
18/11/16,149.9900000
21/11/16,150.9300000
22/11/16,153.8000000
23/11/16,155.4300000
24/11/16,155.3800000
25/11/16,161.0000000
28/11/16,160.1000000
29/11/16,158.9100000
30/11/16,158.3100000
01/12/16,159.8000000
02/12/16,158.4100000
05/12/16,158.7600000
06/12/16,161.9800000
07/12/16,159.8000000
08/12/16,160.7000000
09/12/16,169.6700000
12/12/16,172.0000000
13/12/16,175.0000000
14/12/16,177.0000000
15/12/16,171.5000000
16/12/16,175.6400000
19/12/16,174.7500000
20/12/16,174.0800000
21/12/16,176.5700000
22/12/16,174.4400000
23/12/16,169.7800000
26/12/16,171.2100000
27/12/16,172.0000000
28/12/16,172.9900000
29/12/16,170.0500000
30/12/16,171.6100000
03/01/17,173.4100000
04/01/17,178.9100000
05/01/17,176.3200000
06/01/17,172.4100000
09/01/17,171.3700000
10/01/17,168.3700000
11/01/17,171.5000000
12/01/17,170.0000000
13/01/17,168.8000000
16/01/17,165.2100000
17/01/17,164.7100000
18/01/17,165.8100000
19/01/17,165.5000000
20/01/17,166.5000000
23/01/17,167.3100000
24/01/17,167.3800000
25/01/17,170.3600000
26/01/17,170.8200000
27/01/17,173.8100000
30/01/17,177.5000000
31/01/17,174.3700000
01/02/17,172.5100000
02/02/17,173.9000000
03/02/17,173.0700000
06/02/17,174.3000000
07/02/17,173.0000000
08/02/17,173.1500000
09/02/17,171.9400000
10/02/17,169.0700000
13/02/17,166.0600000
14/02/17,164.9900000
15/02/17,162.2500000
16/02/17,164.0300000
17/02/17,166.4000000
20/02/17,166.3700000
21/02/17,165.1800000
22/02/17,167.4400000
24/02/17,166.5300000
27/02/17,166.0000000
28/02/17,161.0500000
01/03/17,155.9900000
02/03/17,161.2000000
03/03/17,162.9300000
06/03/17,164.5100000
07/03/17,162.3300000
09/03/17,159.3000000
10/03/17,157.3600000
13/03/17,157.4700000
14/03/17,159.3000000
15/03/17,158.0600000
16/03/17,157.8300000
17/03/17,158.5000000
20/03/17,161.5300000
21/03/17,164.5000000
22/03/17,162.0100000
23/03/17,163.3900000
24/03/17,163.9900000
27/03/17,163.0300000
28/03/17,163.4800000
29/03/17,164.0100000
30/03/17,163.3800000
31/03/17,163.4500000
03/04/17,160.5000000
04/04/17,161.4000000
05/04/17,164.3200000
06/04/17,167.5300000
07/04/17,166.1300000
10/04/17,161.1400000
11/04/17,155.1800000
12/04/17,156.9400000
13/04/17,151.5700000
14/04/17,150.6000000
17/04/17,149.4000000
18/04/17,154.4400000
19/04/17,153.1900000
20/04/17,152.9900000
21/04/17,158.7500000
24/04/17,161.1300000
25/04/17,163.0800000
26/04/17,163.1000000
27/04/17,164.9800000
28/04/17,165.5000000
02/05/17,166.0000000
03/05/17,166.3000000
04/05/17,164.6000000
05/05/17,164.2200000
10/05/17,167.0100000
11/05/17,171.0100000
12/05/17,169.7400000
